id,year,parl_code,won_party_code,won_remarks,total,total_electionday,spoilt,unreturned_ballot,race_malay,race_malay_p,race_indian,race_indian_p,race_chinese,race_chinese_p,race_others,race_iban,race_orgulu,race_bidayuh,race_malanau,race_muslimbumiputera,race_nonmuslimbumiputera,race_bumisabah,race_bumisarawak,race_orgasli,analysis
1,2004,P1,UMNO,,33899,28453,672,400,84,0.0,1,0.0,11,0.0,3,0,0,0,0,0,0,0,0,0,
2,2004,P2,UMNO,,40516,32996,548,99,79,0.0,2,0.0,18,0.0,1,0,0,0,0,0,0,0,0,0,
3,2004,P3,UMNO,,38067,32062,533,38,87,0.0,2,0.0,9,0.0,2,0,0,0,0,0,0,0,0,0,
4,2004,P4,UMNO,,27980,22844,560,36,90,0.0,3,0.0,7,0.0,0,0,0,0,0,0,0,0,0,0,
5,2004,P5,UMNO,,44148,36822,718,0,90,0.0,0,0.0,9,0.0,1,0,0,0,0,0,0,0,0,0,
6,2004,P6,UMNO,,49594,40602,919,81,84,0.0,4,0.0,10,0.0,1,0,0,0,0,0,0,0,0,0,
7,2004,P7,UMNO,,32412,28094,693,21,92,0.0,1,0.0,2,0.0,6,0,0,0,0,0,0,0,0,0,
8,2004,P8,UMNO,,66072,53035,855,0,78,0.0,3,0.0,19,0.0,1,0,0,0,0,0,0,0,0,0,
9,2004,P9,MCA,,57313,43071,828,186,58,0.0,5,0.0,36,0.0,0,0,0,0,0,0,0,0,0,0,
10,2004,P10,UMNO,,78791,64223,1023,109,77,0.0,2,0.0,21,0.0,0,0,0,0,0,0,0,0,0,0,
11,2004,P11,PAS,,57180,49193,383,0,88,0.0,1,0.0,7,0.0,5,0,0,0,0,0,0,0,0,0,
12,2004,P12,UMNO,,63886,50918,1015,0,77,0.0,6,0.0,16,0.0,0,0,0,0,0,0,0,0,0,0,
13,2004,P13,UMNO,,37036,31682,1287,0,92,0.0,1,0.0,2,0.0,5,0,0,0,0,0,0,0,0,0,
14,2004,P14,UMNO,,57922,44911,1142,70,63,0.0,18,0.0,19,0.0,1,0,0,0,0,0,0,0,0,0,
15,2004,P15,UMNO,,70920,55639,1007,0,58,0.0,11,0.0,31,0.0,1,0,0,0,0,0,0,0,0,0,
16,2004,P16,UMNO,,74698,62202,1109,0,87,0.0,5,0.0,6,0.0,1,0,0,0,0,0,0,0,0,0,
17,2004,P17,MCA,,53925,43297,1075,10,53,0.0,23,0.0,24,0.0,1,0,0,0,0,0,0,0,0,0,
18,2004,P18,UMNO,,50024,38295,1181,494,67,0.0,12,0.0,21,0.0,0,0,0,0,0,0,0,0,0,0,
19,2004,P19,PAS,,70810,55090,1072,0,92,0.0,1,0.0,3,0.0,4,0,0,0,0,0,0,0,0,0,
20,2004,P20,PAS,,44844,35838,818,297,97,0.0,0,0.0,2,0.0,0,0,0,0,0,0,0,0,0,0,
21,2004,P21,UMNO,,61409,46707,768,0,79,0.0,1,0.0,19,0.0,1,0,0,0,0,0,0,0,0,0,
22,2004,P22,PAS,,52771,41395,1396,0,96,0.0,0,0.0,4,0.0,0,0,0,0,0,0,0,0,0,0,
23,2004,P23,PAS,,40956,30023,701,65,98,0.0,0,0.0,1,0.0,1,0,0,0,0,0,0,0,0,0,
24,2004,P24,PAS,,47148,38458,1225,0,98,0.0,0,0.0,2,0.0,0,0,0,0,0,0,0,0,0,0,
25,2004,P25,UMNO,,55319,48009,893,0,98,0.0,0,0.0,1,0.0,0,0,0,0,0,0,0,0,0,0,
26,2004,P26,UMNO,,46493,37911,751,276,97,0.0,0,0.0,2,0.0,1,0,0,0,0,0,0,0,0,0,
27,2004,P27,UMNO,,37665,30475,788,440,93,0.0,1,0.0,5,0.0,1,0,0,0,0,0,0,0,0,0,
28,2004,P28,PAS,,57308,51410,1184,266,98,0.0,0,0.0,2,0.0,1,0,0,0,0,0,0,0,0,0,
29,2004,P29,UMNO,,43874,35392,599,0,95,0.0,0,0.0,5,0.0,0,0,0,0,0,0,0,0,0,0,
30,2004,P30,UMNO,,32729,26961,394,0,99,0.0,0,0.0,0,0.0,1,0,0,0,0,0,0,0,0,0,
31,2004,P31,UMNO,,45259,36665,785,2,92,0.0,2,0.0,6,0.0,0,0,0,0,0,0,0,0,0,0,
32,2004,P32,UMNO,,26137,21076,534,0,82,0.0,1,0.0,9,0.0,9,0,0,0,0,0,0,0,0,0,
33,2004,P33,UMNO,,51284,44357,683,0,98,0.0,0,0.0,2,0.0,0,0,0,0,0,0,0,0,0,0,
34,2004,P34,UMNO,,48161,40176,714,236,99,0.0,0,0.0,1,0.0,0,0,0,0,0,0,0,0,0,0,
35,2004,P35,UMNO,,52468,46406,713,140,99,0.0,0,0.0,1,0.0,0,0,0,0,0,0,0,0,0,0,
36,2004,P36,UMNO,,72259,60845,790,240,88,0.0,1,0.0,12,0.0,0,0,0,0,0,0,0,0,0,0,
37,2004,P37,UMNO,,64367,56855,866,331,98,0.0,0,0.0,2,0.0,0,0,0,0,0,0,0,0,0,0,
38,2004,P38,UMNO,,45258,40503,633,56,99,0.0,0,0.0,1,0.0,0,0,0,0,0,0,0,0,0,0,
39,2004,P39,UMNO,,55711,48608,708,1,95,0.0,0,0.0,5,0.0,0,0,0,0,0,0,0,0,0,0,
40,2004,P40,UMNO,,66416,58188,1036,273,91,0.0,1,0.0,8,0.0,1,0,0,0,0,0,0,0,0,0,
41,2004,P41,UMNO,,39622,33356,672,0,74,0.0,4,0.0,22,0.0,0,0,0,0,0,0,0,0,0,0,
42,2004,P42,UMNO,,41615,34551,620,92,77,0.0,7,0.0,15,0.0,0,0,0,0,0,0,0,0,0,0,
43,2004,P43,DAP,,57322,43542,961,13,15,0.0,14,0.0,71,0.0,0,0,0,0,0,0,0,0,0,0,
44,2004,P44,PKR,,54041,43734,665,185,68,0.0,6,0.0,26,0.0,0,0,0,0,0,0,0,0,0,0,
45,2004,P45,DAP,,58736,45442,1148,428,19,0.0,9,0.0,73,0.0,0,0,0,0,0,0,0,0,0,0,
46,2004,P46,GERAKAN,,43055,32559,811,0,21,0.0,23,0.0,56,0.0,0,0,0,0,0,0,0,0,0,0,
47,2004,P47,UMNO,,41161,32413,751,21,44,0.0,16,0.0,41,0.0,0,0,0,0,0,0,0,0,0,0,
48,2004,P48,GERAKAN,,65126,46843,998,0,14,0.0,11,0.0,74,0.0,1,0,0,0,0,0,0,0,0,0,
49,2004,P49,DAP,,57902,39793,717,0,5,0.0,9,0.0,86,0.0,0,0,0,0,0,0,0,0,0,0,
50,2004,P50,GERAKAN,,59641,43538,1002,30,20,0.0,12,0.0,68,0.0,0,0,0,0,0,0,0,0,0,0,
51,2004,P51,DAP,,60123,44618,793,28,16,0.0,10,0.0,74,0.0,0,0,0,0,0,0,0,0,0,0,
52,2004,P52,MCA,,55407,41020,1010,1,40,0.0,12,0.0,48,0.0,1,0,0,0,0,0,0,0,0,0,
53,2004,P53,UMNO,,38611,29825,564,30,59,0.0,4,0.0,36,0.0,0,0,0,0,0,0,0,0,0,0,
54,2004,P54,UMNO,,24646,18702,759,1098,67,0.0,5,0.0,20,0.0,8,0,0,0,0,0,0,0,0,0,
55,2004,P55,UMNO,,23159,16531,295,20,78,0.0,2,0.0,18,0.0,1,0,0,0,0,0,0,0,0,0,
56,2004,P56,UMNO,,40150,31393,756,78,86,0.0,7,0.0,7,0.0,0,0,0,0,0,0,0,0,0,0,
57,2004,P57,UMNO,,44797,34567,591,41,67,0.0,5,0.0,28,0.0,0,0,0,0,0,0,0,0,0,0,
58,2004,P58,UMNO,,47745,35076,986,54,73,0.0,11,0.0,16,0.0,0,0,0,0,0,0,0,0,0,0,
59,2004,P59,GERAKAN,,53880,38642,886,56,63,0.0,10,0.0,28,0.0,0,0,0,0,0,0,0,0,0,0,
60,2004,P60,PPP,,65046,44821,1337,1027,32,0.0,14,0.0,53,0.0,1,0,0,0,0,0,0,0,0,0,
61,2004,P61,UMNO,,24863,13979,323,46,73,0.0,7,0.0,20,0.0,0,0,0,0,0,0,0,0,0,0,
62,2004,P62,MIC,,46783,30806,583,583,31,0.0,23,0.0,41,0.0,5,0,0,0,0,0,0,0,0,0,
63,2004,P63,UMNO,,65219,47568,1280,4,63,0.0,12,0.0,24,0.0,1,0,0,0,0,0,0,0,0,0,
64,2004,P64,DAP,,73333,48861,933,314,9,0.0,5,0.0,86,0.0,0,0,0,0,0,0,0,0,0,0,
65,2004,P65,DAP,,68394,46287,1015,481,13,0.0,23,0.0,64,0.0,1,0,0,0,0,0,0,0,0,0,
66,2004,P66,DAP,,73148,50168,771,771,10,0.0,11,0.0,79,0.0,0,0,0,0,0,0,0,0,0,0,
67,2004,P67,UMNO,,28391,17358,305,126,65,0.0,7,0.0,27,0.0,1,0,0,0,0,0,0,0,0,0,
68,2004,P68,GERAKAN,,42173,28272,1102,1,32,0.0,13,0.0,55,0.0,0,0,0,0,0,0,0,0,0,0,
69,2004,P69,UMNO,,28916,21403,483,129,91,0.0,4,0.0,4,0.0,1,0,0,0,0,0,0,0,0,0,
70,2004,P70,MCA,,60874,38326,1542,0,26,0.0,10,0.0,64,0.0,1,0,0,0,0,0,0,0,0,0,
71,2004,P71,MCA,,68466,46383,1323,831,42,0.0,9,0.0,48,0.0,1,0,0,0,0,0,0,0,0,0,
72,2004,P72,MIC,,38899,25260,956,421,44,0.0,13,0.0,34,0.0,9,0,0,0,0,0,0,0,0,0,
73,2004,P73,UMNO,,42959,31216,919,0,79,0.0,5,0.0,15,0.0,2,0,0,0,0,0,0,0,0,0,
74,2004,P74,MCA,,68522,44693,1477,5,47,0.0,11,0.0,41,0.0,1,0,0,0,0,0,0,0,0,0,
75,2004,P75,UMNO,,34182,22634,1075,0,57,0.0,23,0.0,20,0.0,0,0,0,0,0,0,0,0,0,0,
76,2004,P76,GERAKAN,,53063,34877,1255,0,35,0.0,20,0.0,45,0.0,0,0,0,0,0,0,0,0,0,0,
77,2004,P77,MCA,,52743,34789,1275,117,49,0.0,16,0.0,32,0.0,3,0,0,0,0,0,0,0,0,0,
78,2004,P78,MIC,,23061,15202,1010,0,36,0.0,16,0.0,33,0.0,16,0,0,0,0,0,0,0,0,0,
79,2004,P79,UMNO,,28083,20875,528,231,73,0.0,7,0.0,20,0.0,1,0,0,0,0,0,0,0,0,0,
80,2004,P80,MCA,,44523,32540,1280,75,48,0.0,7,0.0,44,0.0,2,0,0,0,0,0,0,0,0,0,
81,2004,P81,UMNO,,46059,36444,776,1,80,0.0,3,0.0,15,0.0,1,0,0,0,0,0,0,0,0,0,
82,2004,P82,UMNO,,47455,37296,801,370,65,0.0,6,0.0,28,0.0,1,0,0,0,0,0,0,0,0,0,
83,2004,P83,MCA,,45935,34290,543,246,58,0.0,5,0.0,37,0.0,1,0,0,0,0,0,0,0,0,0,
84,2004,P84,UMNO,,37440,29001,564,7,78,0.0,2,0.0,19,0.0,1,0,0,0,0,0,0,0,0,0,
85,2004,P85,UMNO,,52687,41046,56,0,89,0.0,2,0.0,3,0.0,6,0,0,0,0,0,0,0,0,0,
86,2004,P86,UMNO,,31860,24777,569,133,89,0.0,2,0.0,8,0.0,1,0,0,0,0,0,0,0,0,0,
87,2004,P87,UMNO,,31404,25178,487,1,89,0.0,4,0.0,4,0.0,4,0,0,0,0,0,0,0,0,0,
88,2004,P88,UMNO,,49984,37543,884,0,62,0.0,9,0.0,27,0.0,2,0,0,0,0,0,0,0,0,0,
89,2004,P89,MCA,,52665,38449,1000,240,41,0.0,9,0.0,49,0.0,1,0,0,0,0,0,0,0,0,0,
90,2004,P90,UMNO,,40631,29847,889,889,58,0.0,5,0.0,35,0.0,3,0,0,0,0,0,0,0,0,0,
91,2004,P91,UMNO,,38319,30215,847,0,89,0.0,2,0.0,3,0.0,6,0,0,0,0,0,0,0,0,0,
92,2004,P92,UMNO,,30862,23080,776,7,80,0.0,6,0.0,14,0.0,0,0,0,0,0,0,0,0,0,0,
93,2004,P93,UMNO,,31001,24120,795,0,66,0.0,2,0.0,32,0.0,0,0,0,0,0,0,0,0,0,0,
94,2004,P94,MIC,,58533,42537,1406,55,50,0.0,19,0.0,29,0.0,2,0,0,0,0,0,0,0,0,0,
95,2004,P95,UMNO,,35816,27196,704,0,70,0.0,13,0.0,18,0.0,0,0,0,0,0,0,0,0,0,0,
96,2004,P96,UMNO,,41712,31206,866,25,60,0.0,23,0.0,17,0.0,0,0,0,0,0,0,0,0,0,0,
97,2004,P97,MCA,,71152,50904,1444,129,44,0.0,17,0.0,39,0.0,1,0,0,0,0,0,0,0,0,0,
98,2004,P98,UMNO,,92225,67224,691,134,74,0.0,11,0.0,14,0.0,1,0,0,0,0,0,0,0,0,0,
99,2004,P99,UMNO,,66626,47406,710,73,55,0.0,10,0.0,35,0.0,1,0,0,0,0,0,0,0,0,0,
100,2004,P100,MCA,,57884,39962,632,62,52,0.0,5,0.0,42,0.0,1,0,0,0,0,0,0,0,0,0,
101,2004,P101,UMNO,,79999,60722,1625,487,52,0.0,10,0.0,37,0.0,1,0,0,0,0,0,0,0,0,0,
102,2004,P102,MCA,,78837,59748,2038,102,34,0.0,11,0.0,54,0.0,0,0,0,0,0,0,0,0,0,0,
103,2004,P103,GERAKAN,,59694,40418,533,78,47,0.0,16,0.0,36,0.0,1,0,0,0,0,0,0,0,0,0,
104,2004,P104,MCA,,72518,50748,627,55,42,0.0,19,0.0,38,0.0,1,0,0,0,0,0,0,0,0,0,
105,2004,P105,MCA,,73503,49700,1008,38,37,0.0,16,0.0,47,0.0,1,0,0,0,0,0,0,0,0,0,
106,2004,P106,MCA,,75935,52420,619,40,15,0.0,7,0.0,77,0.0,1,0,0,0,0,0,0,0,0,0,
107,2004,P107,MIC,,68739,51485,1063,532,49,0.0,16,0.0,34,0.0,1,0,0,0,0,0,0,0,0,0,
108,2004,P108,UMNO,,69170,52123,699,213,66,0.0,17,0.0,17,0.0,1,0,0,0,0,0,0,0,0,0,
109,2004,P109,MIC,,104185,75782,2356,7,49,0.0,13,0.0,38,0.0,0,0,0,0,0,0,0,0,0,0,
110,2004,P110,MCA,,74062,52210,1215,55,33,0.0,19,0.0,47,0.0,1,0,0,0,0,0,0,0,0,0,
111,2004,P111,MIC,,58374,44748,627,10,50,0.0,28,0.0,21,0.0,1,0,0,0,0,0,0,0,0,0,
112,2004,P112,UMNO,,63151,48128,1387,566,52,0.0,19,0.0,27,0.0,2,0,0,0,0,0,0,0,0,0,
113,2004,P113,UMNO,,58296,42988,315,66,55,0.0,19,0.0,24,0.0,3,0,0,0,0,0,0,0,0,0,
114,2004,P114,DAP,,60273,44922,212,34,4,0.0,5,0.0,91,0.0,0,0,0,0,0,0,0,0,0,0,
115,2004,P115,GERAKAN,,67652,46228,309,0,42,0.0,16,0.0,41,0.0,1,0,0,0,0,0,0,0,0,0,
116,2004,P116,MCA,,50682,36425,340,829,53,0.0,8,0.0,38,0.0,1,0,0,0,0,0,0,0,0,0,
117,2004,P117,GERAKAN,,57349,39794,640,467,35,0.0,15,0.0,49,0.0,1,0,0,0,0,0,0,0,0,0,
118,2004,P118,UMNO,,51536,36137,292,0,52,0.0,10,0.0,36,0.0,1,0,0,0,0,0,0,0,0,0,
119,2004,P119,UMNO,,52017,34194,189,786,64,0.0,11,0.0,24,0.0,1,0,0,0,0,0,0,0,0,0,
120,2004,P120,DAP,,65112,39439,298,499,13,0.0,11,0.0,76,0.0,1,0,0,0,0,0,0,0,0,0,
121,2004,P121,UMNO,,56562,37873,213,85,53,0.0,20,0.0,26,0.0,1,0,0,0,0,0,0,0,0,0,
122,2004,P122,DAP,,74702,46503,164,29,5,0.0,5,0.0,89,0.0,1,0,0,0,0,0,0,0,0,0,
123,2004,P123,DAP,,67794,43146,236,54,9,0.0,7,0.0,83,0.0,0,0,0,0,0,0,0,0,0,0,
124,2004,P124,MCA,,67241,49519,600,496,51,0.0,8,0.0,40,0.0,1,0,0,0,0,0,0,0,0,0,
125,2004,P125,UMNO,,5079,4654,28,8,95,0.0,3,0.0,2,0.0,1,0,0,0,0,0,0,0,0,0,
126,2004,P126,UMNO,,37716,27380,860,90,61,0.0,7,0.0,30,0.0,2,0,0,0,0,0,0,0,0,0,
127,2004,P127,UMNO,,50553,36690,1050,0,57,0.0,14,0.0,29,0.0,0,0,0,0,0,0,0,0,0,0,
128,2004,P128,MCA,,81704,59038,2190,134,39,0.0,12,0.0,48,0.0,1,0,0,0,0,0,0,0,0,0,
129,2004,P129,UMNO,,43094,31778,910,0,75,0.0,5,0.0,18,0.0,1,0,0,0,0,0,0,0,0,0,
130,2004,P130,MCA,,65152,46749,1294,1,27,0.0,21,0.0,52,0.0,1,0,0,0,0,0,0,0,0,0,
131,2004,P131,UMNO,,53537,39786,1114,80,70,0.0,15,0.0,15,0.0,1,0,0,0,0,0,0,0,0,0,
132,2004,P132,MIC,,56459,40700,1489,489,37,0.0,24,0.0,38,0.0,1,0,0,0,0,0,0,0,0,0,
133,2004,P133,UMNO,,41571,30739,951,39,50,0.0,14,0.0,34,0.0,1,0,0,0,0,0,0,0,0,0,
134,2004,P134,UMNO,,39005,30722,745,85,80,0.0,4,0.0,15,0.0,0,0,0,0,0,0,0,0,0,0,
135,2004,P135,MCA,,51588,39233,1941,110,55,0.0,13,0.0,32,0.0,0,0,0,0,0,0,0,0,0,0,
136,2004,P136,UMNO,,53291,42955,1321,10,67,0.0,4,0.0,27,0.0,2,0,0,0,0,0,0,0,0,0,
137,2004,P137,UMNO,,66034,53064,1334,85,51,0.0,6,0.0,42,0.0,1,0,0,0,0,0,0,0,0,0,
138,2004,P138,MCA,,82781,64174,1959,217,31,0.0,4,0.0,64,0.0,2,0,0,0,0,0,0,0,0,0,
139,2004,P139,UMNO,,53218,42311,1249,96,68,0.0,11,0.0,21,0.0,0,0,0,0,0,0,0,0,0,0,
140,2004,P140,MIC,,40983,28974,876,1,41,0.0,12,0.0,48,0.0,0,0,0,0,0,0,0,0,0,0,
141,2004,P141,UMNO,,33594,24414,0,0,54,0.0,6,0.0,40,0.0,0,0,0,0,0,0,0,0,0,0,
142,2004,P142,MCA,,32518,23073,839,25,35,0.0,15,0.0,49,0.0,1,0,0,0,0,0,0,0,0,0,
143,2004,P143,UMNO,,40172,29534,881,42,62,0.0,4,0.0,33,0.0,0,0,0,0,0,0,0,0,0,0,
144,2004,P144,UMNO,,57175,41684,1362,59,53,0.0,4,0.0,43,0.0,0,0,0,0,0,0,0,0,0,0,
145,2004,P145,MCA,,55438,40939,1177,181,44,0.0,2,0.0,54,0.0,0,0,0,0,0,0,0,0,0,0,
146,2004,P146,UMNO,,42130,29770,872,81,62,0.0,2,0.0,36,0.0,0,0,0,0,0,0,0,0,0,0,
147,2004,P147,UMNO,,50134,38116,1244,110,72,0.0,1,0.0,27,0.0,0,0,0,0,0,0,0,0,0,0,
148,2004,P148,MCA,,32804,25218,851,0,56,0.0,4,0.0,40,0.0,0,0,0,0,0,0,0,0,0,0,
149,2004,P149,UMNO,,35807,26828,0,0,66,0.0,2,0.0,32,0.0,0,0,0,0,0,0,0,0,0,0,
150,2004,P150,UMNO,,68415,50234,1372,0,53,0.0,2,0.0,45,0.0,0,0,0,0,0,0,0,0,0,0,
151,2004,P151,GERAKAN,,34240,24888,907,142,54,0.0,11,0.0,35,0.0,0,0,0,0,0,0,0,0,0,0,
152,2004,P152,MCA,,67475,49662,1477,881,36,0.0,9,0.0,54,0.0,1,0,0,0,0,0,0,0,0,0,
153,2004,P153,UMNO,,30767,22956,760,24,50,0.0,10,0.0,39,0.0,1,0,0,0,0,0,0,0,0,0,
154,2004,P154,UMNO,,33890,24484,613,0,76,0.0,2,0.0,21,0.0,1,0,0,0,0,0,0,0,0,0,
155,2004,P155,UMNO,,29819,23056,640,92,74,0.0,7,0.0,18,0.0,1,0,0,0,0,0,0,0,0,0,
156,2004,P156,UMNO,,33262,0,0,0,83,0.0,3,0.0,14,0.0,0,0,0,0,0,0,0,0,0,0,
157,2004,P157,UMNO,,30957,0,0,0,85,0.0,1,0.0,14,0.0,1,0,0,0,0,0,0,0,0,0,
158,2004,P158,MCA,,52644,39261,1101,29,51,0.0,14,0.0,35,0.0,1,0,0,0,0,0,0,0,0,0,
159,2004,P159,UMNO,,61171,46178,907,146,47,0.0,12,0.0,40,0.0,1,0,0,0,0,0,0,0,0,0,
160,2004,P160,UMNO,,91108,62455,1100,1,50,0.0,5,0.0,44,0.0,1,0,0,0,0,0,0,0,0,0,
161,2004,P161,UMNO,,73256,50948,1002,60,53,0.0,9,0.0,38,0.0,1,0,0,0,0,0,0,0,0,0,
162,2004,P162,MCA,,70023,52297,1903,58,33,0.0,11,0.0,55,0.0,1,0,0,0,0,0,0,0,0,0,
163,2004,P163,MCA,,62273,48377,1935,30,32,0.0,9,0.0,59,0.0,0,0,0,0,0,0,0,0,0,0,
164,2004,P164,UMNO,,44377,33460,1167,117,68,0.0,1,0.0,31,0.0,0,0,0,0,0,0,0,0,0,0,
165,2004,P165,MCA,,44575,33938,1461,0,51,0.0,1,0.0,48,0.0,0,0,0,0,0,0,0,0,0,0,
166,2004,P166,UMNO,,0,0,0,0,0,0.0,0,0.0,0,0.0,0,0,0,0,0,0,0,0,0,0,
167,2004,P167,UMNO,,0,0,0,0,0,0.0,0,0.0,0,0.0,0,0,0,0,0,0,0,0,0,0,
168,2004,P168,PBS,,0,0,0,0,0,0.0,0,0.0,0,0.0,0,0,0,0,0,0,0,0,0,0,
169,2004,P169,UMNO,,0,0,0,0,0,0.0,0,0.0,0,0.0,0,0,0,0,0,0,0,0,0,0,
170,2004,P170,UPKO,,0,0,0,0,0,0.0,0,0.0,0,0.0,0,0,0,0,0,0,0,0,0,0,
171,2004,P171,SAPP,,0,0,0,0,0,0.0,0,0.0,0,0.0,0,0,0,0,0,0,0,0,0,0,
172,2004,P172,PBS,,0,0,0,0,0,0.0,0,0.0,0,0.0,0,0,0,0,0,0,0,0,0,0,
173,2004,P173,UPKO,,0,0,0,0,0,0.0,0,0.0,0,0.0,0,0,0,0,0,0,0,0,0,0,
174,2004,P174,UPKO,,0,0,0,0,0,0.0,0,0.0,0,0.0,0,0,0,0,0,0,0,0,0,0,
175,2004,P175,UMNO,,0,0,0,0,0,0.0,0,0.0,0,0.0,0,0,0,0,0,0,0,0,0,0,
176,2004,P176,UMNO,,0,0,0,0,0,0.0,0,0.0,0,0.0,0,0,0,0,0,0,0,0,0,0,
177,2004,P177,UMNO,,0,0,0,0,0,0.0,0,0.0,0,0.0,0,0,0,0,0,0,0,0,0,0,
178,2004,P178,UMNO,,0,0,0,0,0,0.0,0,0.0,0,0.0,0,0,0,0,0,0,0,0,0,0,
179,2004,P179,UPKO,,0,0,0,0,0,0.0,0,0.0,0,0.0,0,0,0,0,0,0,0,0,0,0,
180,2004,P180,PBS,,0,0,0,0,0,0.0,0,0.0,0,0.0,0,0,0,0,0,0,0,0,0,0,
181,2004,P181,UMNO,,0,0,0,0,0,0.0,0,0.0,0,0.0,0,0,0,0,0,0,0,0,0,0,
182,2004,P182,PBRS,,0,0,0,0,0,0.0,0,0.0,0,0.0,0,0,0,0,0,0,0,0,0,0,
183,2004,P183,UMNO,,0,0,0,0,0,0.0,0,0.0,0,0.0,0,0,0,0,0,0,0,0,0,0,
184,2004,P184,UMNO,,0,0,0,0,0,0.0,0,0.0,0,0.0,0,0,0,0,0,0,0,0,0,0,
185,2004,P185,PBS,,0,0,0,0,0,0.0,0,0.0,0,0.0,0,0,0,0,0,0,0,0,0,0,
186,2004,P186,IND,,0,0,0,0,0,0.0,0,0.0,0,0.0,0,0,0,0,0,0,0,0,0,0,
187,2004,P187,UMNO,,0,0,0,0,0,0.0,0,0.0,0,0.0,0,0,0,0,0,0,0,0,0,0,
188,2004,P188,UMNO,,0,0,0,0,0,0.0,0,0.0,0,0.0,0,0,0,0,0,0,0,0,0,0,
189,2004,P189,UMNO,,0,0,0,0,0,0.0,0,0.0,0,0.0,0,0,0,0,0,0,0,0,0,0,
190,2004,P190,SAPP,,0,0,0,0,0,0.0,0,0.0,0,0.0,0,0,0,0,0,0,0,0,0,0,
191,2004,P191,UMNO,,0,0,0,0,0,0.0,0,0.0,0,0.0,0,0,0,0,0,0,0,0,0,0,
192,2004,P192,SPDP,,28800,18664,218,0,0,0.0,0,0.0,22,0.0,0,0,0,0,6,0,0,0,0,0,
193,2004,P193,PBB,,23238,14864,244,0,34,0.0,0,0.0,6,0.0,0,0,0,0,0,0,0,0,0,0,
194,2004,P194,PBB,,39365,23948,292,0,35,0.0,1,0.0,14,0.0,1,0,0,0,0,0,0,0,0,0,
195,2004,P195,DAP,,55012,34364,577,0,3,0.0,0,0.0,90,0.0,0,0,0,0,0,0,0,0,0,0,
196,2004,P196,SUPP,,59809,35806,529,698,7,0.0,1,0.0,75,0.0,1,0,0,0,0,0,0,0,0,0,
197,2004,P197,PBB,,27628,0,0,0,31,0.0,0,0.0,16,0.0,1,0,0,0,0,0,0,0,0,0,
198,2004,P198,PBB,,35652,22089,451,0,3,0.0,0,0.0,30,0.0,1,0,0,0,0,0,0,0,0,0,
199,2004,P199,SUPP,,31601,18686,372,89,4,0.0,0,0.0,12,0.0,1,0,0,0,0,0,0,0,0,0,
200,2004,P200,PBB,,18496,11969,167,0,28,0.0,0,0.0,7,0.0,0,0,0,0,0,0,0,0,0,0,
201,2004,P201,PBB,,19027,0,0,0,28,0.0,0,0.0,7,0.0,0,0,0,0,0,0,0,0,0,0,
202,2004,P202,PBDS,,28015,15500,316,0,8,0.0,0,0.0,16,0.0,0,0,0,0,0,0,0,0,0,0,
203,2004,P203,PBDS,,17647,12139,232,18,1,0.0,0,0.0,9,0.0,0,0,0,0,0,0,0,0,0,0,
204,2004,P204,PBB,,20737,13689,176,0,12,0.0,0,0.0,9,0.0,1,0,0,0,0,0,0,0,0,0,
205,2004,P205,SPDP,,24607,16684,229,10,11,0.0,0,0.0,8,0.0,0,0,0,0,0,0,0,0,0,0,
206,2004,P206,PBB,,28706,0,0,0,18,0.0,0,0.0,4,0.0,0,0,0,0,0,0,0,0,0,0,
207,2004,P207,,,0,0,0,0,0,0.0,0,0.0,0,0.0,0,0,0,0,0,0,0,0,0,0,
208,2004,P208,SUPP,,35880,22173,237,34,0,0.0,0,0.0,0,0.0,0,0,0,0,0,0,0,0,0,0,
209,2004,P209,PBDS,,19765,14271,176,7,0,0.0,0,0.0,0,0.0,0,0,0,0,0,0,0,0,0,0,
210,2004,P210,PBDS,,18181,11022,185,18,0,0.0,0,0.0,0,0.0,0,0,0,0,0,0,0,0,0,0,
211,2004,P211,SUPP,,40100,25374,252,53,0,0.0,0,0.0,0,0.0,0,0,0,0,0,0,0,0,0,0,
212,2004,P212,SUPP,,0,0,0,0,0,0.0,0,0.0,0,0.0,0,0,0,0,0,0,0,0,0,0,
213,2004,P213,PBB,,0,0,0,0,0,0.0,0,0.0,0,0.0,0,0,0,0,0,0,0,0,0,0,
214,2004,P214,PBDS,,0,0,0,0,0,0.0,0,0.0,0,0.0,0,0,0,0,0,0,0,0,0,0,
215,2004,P215,PBB,,0,0,0,0,0,0.0,0,0.0,0,0.0,0,0,0,0,0,0,0,0,0,0,
216,2004,P216,PBDS,,0,0,0,0,0,0.0,0,0.0,0,0.0,0,0,0,0,0,0,0,0,0,0,
217,2004,P217,SPDP,,0,0,0,0,0,0.0,0,0.0,0,0.0,0,0,0,0,0,0,0,0,0,0,
218,2004,P218,,,0,0,0,0,0,0.0,0,0.0,0,0.0,0,0,0,0,0,0,0,0,0,0,
219,2004,P219,SUPP,,0,0,0,0,0,0.0,0,0.0,0,0.0,0,0,0,0,0,0,0,0,0,0,
220,2004,P220,SPDP,,0,0,0,0,0,0.0,0,0.0,0,0.0,0,0,0,0,0,0,0,0,0,0,
221,2004,P221,,,0,0,0,0,0,0.0,0,0.0,0,0.0,0,0,0,0,0,0,0,0,0,0,
222,2004,P222,,,0,0,0,0,0,0.0,0,0.0,0,0.0,0,0,0,0,0,0,0,0,0,0,
223,2008,P1,UMNO,,36613,29310,674,2,84,0.0,1,0.0,12,0.0,4,0,0,0,0,0,0,0,0,0,
224,2008,P2,UMNO,,43591,34946,808,167,79,0.0,2,0.0,18,0.0,1,0,0,0,0,0,0,0,0,0,
225,2008,P3,UMNO,,39877,33276,586,88,87,0.0,2,0.0,9,0.0,3,0,0,0,0,0,0,0,0,0,
226,2008,P4,UMNO,,29567,23273,670,49,91,0.0,2,0.0,7,0.0,0,0,0,0,0,0,0,0,0,0,
227,2008,P5,UMNO,,45513,37242,599,0,90,0.0,0,0.0,8,0.0,2,0,0,0,0,0,0,0,0,0,
228,2008,P6,UMNO,,53323,42226,928,0,96,0.0,1,0.0,3,0.0,0,0,0,0,0,0,0,0,0,0,
229,2008,P7,PAS,,35403,30445,770,38,93,0.0,0,0.0,1,0.0,6,0,0,0,0,0,0,0,0,0,
230,2008,P8,PAS,,69631,55318,1039,636,79,0.0,2,0.0,18,0.0,1,0,0,0,0,0,0,0,0,0,
231,2008,P9,MCA,,58957,43206,1757,151,63,0.0,4,0.0,33,0.0,0,0,0,0,0,0,0,0,0,0,
232,2008,P10,PKR,,83132,65750,1385,5,79,0.0,1,0.0,20,0.0,0,0,0,0,0,0,0,0,0,0,
233,2008,P11,PAS,,61346,51645,991,105,89,0.0,1,0.0,6,0.0,5,0,0,0,0,0,0,0,0,0,
234,2008,P12,PAS,,65739,51791,1070,0,79,0.0,6,0.0,14,0.0,1,0,0,0,0,0,0,0,0,0,
235,2008,P13,PAS,,40339,34752,505,1000,93,0.0,0,0.0,2,0.0,5,0,0,0,0,0,0,0,0,0,
236,2008,P14,PKR,,64443,49718,1338,396,66,0.0,17,0.0,16,0.0,1,0,0,0,0,0,0,0,0,0,"- <a href=\""http://www.malaysiakini.com/news/78953\"" target=\""_blank\"" class=\""analysis\"">Zam: Not true! Merbok didn't reject me</a>"
237,2008,P15,PKR,,76284,59378,986,129,60,0.0,11,0.0,29,0.0,0,0,0,0,0,0,0,0,0,0,"- <a href=\""http://www.malaysiakini.com/news/78700\"" target=\""_blank\"" class=\""analysis\"">Disgruntled tsunami victims threaten protest vote</a>\n"
238,2008,P16,PAS,,78784,65764,1154,75,88,0.0,5,0.0,6,0.0,1,0,0,0,0,0,0,0,0,0,
239,2008,P17,PKR,,59218,47125,1259,56,55,0.0,22,0.0,23,0.0,0,0,0,0,0,0,0,0,0,0,"- <a href=\""http://www.malaysiakini.com/news/79135\"" target=\""_blank\"" class=\""analysis\"">Gobala: Give the opposition a chance</a>\n"
240,2008,P18,PKR,,51995,40182,1022,233,70,0.0,12,0.0,19,0.0,0,0,0,0,0,0,0,0,0,0,
241,2008,P19,PAS,,80072,65254,1032,171,92,0.0,1,0.0,3,0.0,4,0,0,0,0,0,0,0,0,0,
242,2008,P20,PAS,,52350,43049,564,270,98,0.0,0,0.0,2,0.0,0,0,0,0,0,0,0,0,0,0,
243,2008,P21,PAS,,68261,53710,609,131,81,0.0,1,0.0,18,0.0,1,0,0,0,0,0,0,0,0,0,
244,2008,P22,PAS,,59640,49344,864,125,96,0.0,0,0.0,4,0.0,0,0,0,0,0,0,0,0,0,0,
245,2008,P23,PAS,,45384,35451,837,82,98,0.0,0,0.0,1,0.0,1,0,0,0,0,0,0,0,0,0,
246,2008,P24,PAS,,53496,44474,638,120,98,0.0,0,0.0,2,0.0,0,0,0,0,0,0,0,0,0,0,
247,2008,P25,PAS,,64808,55724,811,144,98,0.0,0,0.0,1,0.0,0,0,0,0,0,0,0,0,0,0,
248,2008,P26,PKR,,52240,44377,993,308,97,0.0,0,0.0,2,0.0,1,0,0,0,0,0,0,0,0,0,
249,2008,P27,PKR,,44347,36126,1064,99,94,0.0,1,0.0,4,0.0,1,0,0,0,0,0,0,0,0,0,
250,2008,P28,PAS,,64393,53778,886,130,98,0.0,0,0.0,1,0.0,1,0,0,0,0,0,0,0,0,0,
251,2008,P29,PKR,,49157,41494,748,124,95,0.0,0,0.0,4,0.0,0,0,0,0,0,0,0,0,0,0,
252,2008,P30,UMNO,,36298,30555,474,181,99,0.0,0,0.0,0,0.0,1,0,0,0,0,0,0,0,0,0,
253,2008,P31,PAS,,52250,43013,756,117,93,0.0,2,0.0,5,0.0,0,0,0,0,0,0,0,0,0,0,
254,2008,P32,UMNO,,28986,24283,489,62,83,0.0,1,0.0,8,0.0,8,0,0,0,0,0,0,0,0,0,
255,2008,P33,UMNO,,58353,49303,668,473,97,0.0,0,0.0,2,0.0,0,0,0,0,0,0,0,0,0,0,
256,2008,P34,UMNO,,54520,46821,833,0,99,0.0,0,0.0,0,0.0,0,0,0,0,0,0,0,0,0,0,
257,2008,P35,UMNO,,61214,52539,713,289,99,0.0,0,0.0,1,0.0,0,0,0,0,0,0,0,0,0,0,
258,2008,P36,UMNO,,80325,66231,931,119,88,0.0,1,0.0,11,0.0,0,0,0,0,0,0,0,0,0,0,"- <a href=\""http://www.malaysiakini.com/news/78784\"" target=\""_blank\"" class=\""analysis\"">Grandma Maimun 'cycling' to Parliament</a>\n"
259,2008,P37,PAS,,74813,65008,806,79,98,0.0,0,0.0,2,0.0,0,0,0,0,0,0,0,0,0,0,
260,2008,P38,UMNO,,52515,45971,709,154,99,0.0,0,0.0,1,0.0,0,0,0,0,0,0,0,0,0,0,
261,2008,P39,UMNO,,64851,54464,930,0,95,0.0,0,0.0,4,0.0,0,0,0,0,0,0,0,0,0,0,
262,2008,P40,UMNO,,75006,62868,1077,76,92,0.0,1,0.0,7,0.0,0,0,0,0,0,0,0,0,0,0,
263,2008,P41,UMNO,,43018,36328,634,50,75,0.0,4,0.0,21,0.0,0,0,0,0,0,0,0,0,0,0,"- <a href=\""http://www.malaysiakini.com/news/78754\"" target=\""_blank\"" class=\""analysis\"">Kepala Batas: Student party cries foul</a>\n"
264,2008,P42,UMNO,,44466,37308,600,359,77,0.0,8,0.0,15,0.0,0,0,0,0,0,0,0,0,0,0,
265,2008,P43,DAP,,59385,46227,766,35,15,0.0,14,0.0,71,0.0,0,0,0,0,0,0,0,0,0,0,
266,2008,P44,PKR,,58449,47442,110,44,69,0.0,6,0.0,25,0.0,0,0,0,0,0,0,0,0,0,0,
267,2008,P45,DAP,,64080,50823,931,25,18,0.0,8,0.0,74,0.0,0,0,0,0,0,0,0,0,0,0,
268,2008,P46,DAP,,47540,37292,640,3,20,0.0,24,0.0,56,0.0,0,0,0,0,0,0,0,0,0,0,"- <a href=\""http://www.malaysiakini.com/news/79117\"" target=\""_blank\"" class=\""analysis\"">History is against Koh to win seat</a>"
269,2008,P47,PKR,,47540,38129,784,12,46,0.0,17,0.0,38,0.0,0,0,0,0,0,0,0,0,0,0,
270,2008,P48,DAP,,64545,47105,642,89,15,0.0,10,0.0,75,0.0,0,0,0,0,0,0,0,0,0,0,
271,2008,P49,DAP,,53188,38734,631,96,8,0.0,6,0.0,86,0.0,0,0,0,0,0,0,0,0,0,0,
272,2008,P50,DAP,,61181,46406,41,743,20,0.0,11,0.0,68,0.0,0,0,0,0,0,0,0,0,0,0,"- <a href=\""http://www.malaysiakini.com/news/78848\"" target=\""_blank\"" class=\""analysis\"">Low-key independent confident of victory</a>\n- <a href=\""http://www.malaysiakini.com/news/78757\"" target=\""_blank\"" class=\""analysis\"">Jeff Ooi - from digital to political clout"
273,2008,P51,DAP,,65614,50553,707,581,17,0.0,8,0.0,75,0.0,0,0,0,0,0,0,0,0,0,0,
274,2008,P52,PKR,,60713,46418,655,1556,41,0.0,10,0.0,49,0.0,1,0,0,0,0,0,0,0,0,0,
275,2008,P53,PKR,,39765,31391,601,0,61,0.0,3,0.0,35,0.0,0,0,0,0,0,0,0,0,0,0,
276,2008,P54,GERAKAN,,26229,20493,649,365,72,0.0,4,0.0,18,0.0,5,0,0,0,0,0,0,0,0,0,
277,2008,P55,UMNO,,23223,17436,311,60,81,0.0,2,0.0,17,0.0,0,0,0,0,0,0,0,0,0,0,
278,2008,P56,UMNO,,39697,30589,687,57,87,0.0,6,0.0,6,0.0,0,0,0,0,0,0,0,0,0,0,
279,2008,P57,PAS,,45219,35592,618,83,67,0.0,5,0.0,28,0.0,0,0,0,0,0,0,0,0,0,0,
280,2008,P58,PKR,,47111,36237,1186,578,74,0.0,10,0.0,16,0.0,0,0,0,0,0,0,0,0,0,0,
281,2008,P59,PAS,,55471,40301,851,114,64,0.0,9,0.0,27,0.0,0,0,0,0,0,0,0,0,0,0,
282,2008,P60,DAP,,65889,47123,1612,613,35,0.0,13,0.0,50,0.0,1,0,0,0,0,0,0,0,0,0,"- <a href=\""http://www.malaysiakini.com/news/79157\"" target=\""_blank\"" class=\""analysis\"">Taiping race heats up, Kayveas fights back</a>\n- <a href=\""http://www.malaysiakini.com/news/78880\"" target=\""_blank\"" class=\""analysis\"">Taiping: Game of high stakes</a>"
283,2008,P61,UMNO,,24397,18350,362,77,74,0.0,7,0.0,19,0.0,0,0,0,0,0,0,0,0,0,0,
284,2008,P62,PKR,,47424,33154,1001,194,36,0.0,23,0.0,40,0.0,1,0,0,0,0,0,0,0,0,0,"- <a href=\""http://www.malaysiakini.com/news/78841\"" target=\""_blank\"" class=\""analysis\"">Samy revives late 'MGR' for votes</a>\r\n- <a href=\""http://www.malaysiakini.com/news/78790\"" target=\""_blank\"" class=\""analysis\"">Samy: PKR 'samseng' behind demos</a>"
285,2008,P63,UMNO,,68966,51844,927,419,64,0.0,11,0.0,24,0.0,1,0,0,0,0,0,0,0,0,0,
286,2008,P64,DAP,,76647,53994,707,501,12,0.0,5,0.0,82,0.0,1,0,0,0,0,0,0,0,0,0,
287,2008,P65,DAP,,68773,50641,829,194,13,0.0,22,0.0,65,0.0,1,0,0,0,0,0,0,0,0,0,"- <a href=\""http://www.malaysiakini.com/news/79113\"" target=\""_blank\"" class=\""analysis\"">Photo-finish in Ipoh Barat?</a>"
288,2008,P66,DAP,,77313,56270,911,142,10,0.0,12,0.0,78,0.0,0,0,0,0,0,0,0,0,0,0,"- <a href=\""http://www.malaysiakini.com/news/78824\"" target=\""_blank\"" class=\""analysis\"">Ka Chuan: Why I did not fulfill 2004 pledges</a>\n- <a href=\""http://www.malaysiakini.com/news/78644\"" target=\""_blank\"" class=\""analysis\"">DAP 'cili padi' serves it hot to PM</a"
289,2008,P67,UMNO,,28325,20773,373,388,66,0.0,7,0.0,26,0.0,0,0,0,0,0,0,0,0,0,0,
290,2008,P68,DAP,,43273,30821,889,98,31,0.0,14,0.0,55,0.0,0,0,0,0,0,0,0,0,0,0,
291,2008,P69,UMNO,,28859,22598,628,45,92,0.0,3,0.0,3,0.0,1,0,0,0,0,0,0,0,0,0,
292,2008,P70,MCA,,59784,38953,1048,350,27,0.0,10,0.0,63,0.0,1,0,0,0,0,0,0,0,0,0,
293,2008,P71,PKR,,74344,53303,1279,0,43,0.0,10,0.0,47,0.0,0,0,0,0,0,0,0,0,0,0,
294,2008,P72,MIC,,38236,26811,1662,1,47,0.0,13,0.0,32,0.0,8,0,0,0,0,0,0,0,0,0,
295,2008,P73,UMNO,,42712,32119,950,1,80,0.0,4,0.0,15,0.0,2,0,0,0,0,0,0,0,0,0,
296,2008,P74,MCA,,72763,55930,1884,2948,49,0.0,11,0.0,39,0.0,0,0,0,0,0,0,0,0,0,0,
297,2008,P75,UMNO,,34670,24414,814,62,57,0.0,23,0.0,20,0.0,0,0,0,0,0,0,0,0,0,0,
298,2008,P76,DAP,,52354,36739,1153,84,36,0.0,19,0.0,45,0.0,0,0,0,0,0,0,0,0,0,0,
299,2008,P77,MCA,,53481,38107,1344,153,51,0.0,15,0.0,31,0.0,3,0,0,0,0,0,0,0,0,0,
300,2008,P78,MIC,,23461,16456,1186,59,43,0.0,14,0.0,34,0.0,10,0,0,0,0,0,0,0,0,0,
301,2008,P79,UMNO,,28425,21758,561,112,74,0.0,6,0.0,19,0.0,0,0,0,0,0,0,0,0,0,0,
302,2008,P80,MCA,,46454,34459,915,140,49,0.0,6,0.0,44,0.0,1,0,0,0,0,0,0,0,0,0,
303,2008,P81,UMNO,,48812,38078,829,109,81,0.0,3,0.0,15,0.0,1,0,0,0,0,0,0,0,0,0,
304,2008,P82,PKR,,51235,39677,668,390,65,0.0,6,0.0,29,0.0,0,0,0,0,0,0,0,0,0,0,
305,2008,P83,PKR,,47745,35771,623,178,60,0.0,4,0.0,36,0.0,0,0,0,0,0,0,0,0,0,0,
306,2008,P84,UMNO,,39882,30887,637,43,80,0.0,2,0.0,17,0.0,0,0,0,0,0,0,0,0,0,0,
307,2008,P85,UMNO,,58217,47870,1261,549,93,0.0,1,0.0,3,0.0,3,0,0,0,0,0,0,0,0,0,"- <a href=\""http://www.malaysiakini.com/news/79121\"" target=\""_blank\"" class=\""analysis\"">PKR: Huge voters scam in Pekan</a>"
308,2008,P86,UMNO,,32517,25672,495,82,90,0.0,2,0.0,8,0.0,0,0,0,0,0,0,0,0,0,0,
309,2008,P87,UMNO,,34139,27594,479,50,91,0.0,3,0.0,4,0.0,2,0,0,0,0,0,0,0,0,0,
310,2008,P88,UMNO,,54010,41245,924,0,63,0.0,9,0.0,27,0.0,1,0,0,0,0,0,0,0,0,0,
311,2008,P89,MCA,,53651,39168,1285,164,43,0.0,9,0.0,47,0.0,1,0,0,0,0,0,0,0,0,0,
312,2008,P90,UMNO,,42993,33064,783,0,61,0.0,4,0.0,34,0.0,1,0,0,0,0,0,0,0,0,0,
313,2008,P91,UMNO,,41701,32960,824,199,93,0.0,1,0.0,3,0.0,3,0,0,0,0,0,0,0,0,0,
314,2008,P92,UMNO,,31381,23581,711,95,81,0.0,5,0.0,14,0.0,0,0,0,0,0,0,0,0,0,0,
315,2008,P93,UMNO,,34073,27927,656,142,68,0.0,2,0.0,30,0.0,0,0,0,0,0,0,0,0,0,0,
316,2008,P94,PKR,,63593,47845,1466,223,54,0.0,19,0.0,27,0.0,0,0,0,0,0,0,0,0,0,0,
317,2008,P95,UMNO,,36391,29052,674,52,72,0.0,11,0.0,17,0.0,0,0,0,0,0,0,0,0,0,0,
318,2008,P96,PAS,,47203,37671,894,47,61,0.0,23,0.0,16,0.0,0,0,0,0,0,0,0,0,0,0,
319,2008,P97,PKR,,79557,60920,1506,247,45,0.0,16,0.0,38,0.0,1,0,0,0,0,0,0,0,0,0,"- <a href=\""http://www.malaysiakini.com/news/79202\"" target=\""_blank\"" class=\""analysis\"">Selayang: Leong sees light at the end of the tunnel</a>\n"
320,2008,P98,PKR,,99153,75619,820,998,76,0.0,10,0.0,13,0.0,1,0,0,0,0,0,0,0,0,0,"- <a href=\""http://www.malaysiakini.com/news/78792\"" target=\""_blank\"" class=\""analysis\"">Azmin revives Gombak BN candidate's 'past'</a>"
321,2008,P99,PKR,,69132,51097,636,147,56,0.0,9,0.0,34,0.0,1,0,0,0,0,0,0,0,0,0,
322,2008,P100,MCA,,64497,48309,798,0,49,0.0,5,0.0,45,0.0,0,0,0,0,0,0,0,0,0,0,"- <a href=\""http://www.malaysiakini.com/news/78789\"" target=\""_blank\"" class=\""analysis\"">Syed Shahir woos Pandan's working class</a>\n- <a href=\""http://www.malaysiakini.com/news/78606\"" target=\""_blank\"" class=\""analysis\"">Pandan: MCA's Tee Keat vs MTUC boss</a>"
323,2008,P101,PAS,,90319,72322,1401,418,53,0.0,11,0.0,36,0.0,1,0,0,0,0,0,0,0,0,0,
324,2008,P102,DAP,,94877,76236,2072,301,37,0.0,11,0.0,52,0.0,0,0,0,0,0,0,0,0,0,0,
325,2008,P103,DAP,,75625,59317,1580,172,44,0.0,15,0.0,41,0.0,0,0,0,0,0,0,0,0,0,0,"- <a href=\""http://www.malaysiakini.com/news/78406\"" target=\""_blank\"" class=\""analysis\"">Gobind wants to speak up for Puchong</a>\n"
326,2008,P104,PKR,,79649,58625,1065,100,42,0.0,18,0.0,39,0.0,2,0,0,0,0,0,0,0,0,0,"- <a href=\""http://www.malaysiakini.com/news/78563\"" target=\""_blank\"" class=\""analysis\"">Kelana Jaya: A duel with unlikely foes</a>"
327,2008,P105,PKR,,73192,52631,1044,97,40,0.0,15,0.0,45,0.0,2,0,0,0,0,0,0,0,0,0,"- <a href=\""http://www.malaysiakini.com/news/78830\"" target=\""_blank\"" class=\""analysis\"">Donald booed at church forum</a>\n"
328,2008,P106,DAP,,76618,56295,527,38,15,0.0,6,0.0,77,0.0,2,0,0,0,0,0,0,0,0,0,"- <a href=\""http://www.malaysiakini.com/news/79107\"" target=\""_blank\"" class=\""analysis\"">Chew Mei Fun, which planet are you on?</a>\n- <a href=\""http://www.malaysiakini.com/news/78687\"" target=\""_blank\"" class=\""analysis\"">Full house at DAP ceramah</a>\n"
329,2008,P107,PKR,,84414,65861,2079,443,50,0.0,14,0.0,36,0.0,1,0,0,0,0,0,0,0,0,0,"- <a href=\""http://www.malaysiakini.com/news/78417\"" target=\""_blank\"" class=\""analysis\"">'MIC evolving to meet rising expectations'</a>\n- <a href=\""http://www.malaysiakini.com/news/78756\"" target=\""_blank\"" class=\""analysis\"">Sivarasa: In politics, the dice is alway"
330,2008,P108,PAS,,75334,58361,749,214,69,0.0,15,0.0,16,0.0,1,0,0,0,0,0,0,0,0,0,
331,2008,P109,PKR,,112224,87644,3064,485,51,0.0,13,0.0,35,0.0,0,0,0,0,0,0,0,0,0,0,"- <a href=\""http://www.malaysiakini.com/news/78894\"" target=\""_blank\"" class=\""analysis\"">Kapar farmers: Return our land before March 8</a>\n- <a href=\""http://www.malaysiakini.com/news/78853\"" target=\""_blank\"" class=\""analysis\"">Kapar will vote for lower prices</a>\n"
332,2008,P110,DAP,,77816,59323,1036,8,34,0.0,19,0.0,47,0.0,1,0,0,0,0,0,0,0,0,0,"- <a href=\""http://www.malaysiakini.com/news/78996\"" target=\""_blank\"" class=\""analysis\"">BN lambasted for racial campaign in Klang</a>"
333,2008,P111,PAS,,71887,57323,814,0,48,0.0,28,0.0,23,0.0,1,0,0,0,0,0,0,0,0,0,
334,2008,P112,PKR,,66515,52792,407,0,55,0.0,18,0.0,26,0.0,0,0,0,0,0,0,0,0,0,0,
335,2008,P113,UMNO,,62044,49137,1099,125,59,0.0,18,0.0,23,0.0,0,0,0,0,0,0,0,0,0,0,
336,2008,P114,DAP,,60775,47508,212,40,4,0.0,5,0.0,90,0.0,0,0,0,0,0,0,0,0,0,0,"- <a href=\""http://www.malaysiakini.com/news/78565\"" target=\""_blank\"" class=\""analysis\"">Kepong: Of fanfare and simplicity</a>\n- <a href=\""http://www.malaysiakini.com/news/78523\"" target=\""_blank\"" class=\""analysis\"">Kepong heats up with possible three-way fight</a>"
337,2008,P115,PKR,,70544,51303,614,574,44,0.0,14,0.0,41,0.0,1,0,0,0,0,0,0,0,0,0,
338,2008,P116,PKR,,54509,39798,357,317,52,0.0,7,0.0,40,0.0,1,0,0,0,0,0,0,0,0,0,"- <a href=\""http://www.malaysiakini.com/news/78897\"" target=\""_blank\"" class=\""analysis\"">Wangsa Maju: Fuss over BM</a>\n- <a href=\""http://www.malaysiakini.com/news/78617\"" target=\""_blank\"" class=\""analysis\"">Choo Keong: Flying Dutchman no more</a>\n"
339,2008,P117,DAP,,59690,43531,541,630,36,0.0,12,0.0,52,0.0,0,0,0,0,0,0,0,0,0,0,"- <a href=\""http://www.malaysiakini.com/news/78949\"" target=\""_blank\"" class=\""analysis\"">Segambut candidate claims political intimidation</a>"
340,2008,P118,UMNO,,57161,45096,918,1334,56,0.0,9,0.0,33,0.0,1,0,0,0,0,0,0,0,0,0,
341,2008,P119,PAS,,49892,33933,191,0,67,0.0,9,0.0,24,0.0,0,0,0,0,0,0,0,0,0,0,"- <a href=\""http://www.malaysiakini.com/news/79001\"" target=\""_blank\"" class=\""analysis\"">Lo' Lo' woos Kg Pandan Indian Settlement</a>\n- <a href=\""http://www.malaysiakini.com/news/78654\"" target=\""_blank\"" class=\""analysis\"">Reversal of roles in Titiwangsa</a>"
342,2008,P120,DAP,,59986,40441,466,630,15,0.0,10,0.0,75,0.0,0,0,0,0,0,0,0,0,0,0,"- <a href=\""http://www.malaysiakini.com/news/78945\"" target=\""_blank\"" class=\""analysis\"">'Dr Ayam' suffers Chinese guild setback in Bkt Bintang</a>\n- <a href=\""http://www.malaysiakini.com/news/78587\"" target=\""_blank\"" class=\""analysis\"">DAP-MCA joust for Bkt Bintan"
343,2008,P121,PKR,,56650,41289,239,0,55,0.0,18,0.0,27,0.0,0,0,0,0,0,0,0,0,0,0,"- <a href=\""http://www.malaysiakini.com/news/78988\"" target=\""_blank\"" class=\""analysis\"">Shahrizat: Look at my track record</a>\n"
344,2008,P122,DAP,,76891,58207,174,65,6,0.0,5,0.0,87,0.0,0,0,0,0,0,0,0,0,0,0,"- <a href=\""http://www.malaysiakini.com/news/79064\"" target=\""_blank\"" class=\""analysis\"">Kok raps rival over 'sexist' posters</a>\n- <a href=\""http://www.malaysiakini.com/news/79043\"" target=\""_blank\"" class=\""analysis\"">Seputeh: Lamb no match for the lion</a>\n"
345,2008,P123,DAP,,68725,50571,244,121,10,0.0,6,0.0,84,0.0,0,0,0,0,0,0,0,0,0,0,"- <a href=\""http://www.malaysiakini.com/news/79008\"" target=\""_blank\"" class=\""analysis\"">'MCA on equal status with Alam Flora, not Umno'</a>\n- <a href=\""http://www.malaysiakini.com/news/78889\"" target=\""_blank\"" class=\""analysis\"">Chinese schools key poll issue in "
346,2008,P124,PKR,,72628,54995,557,707,53,0.0,7,0.0,40,0.0,1,0,0,0,0,0,0,0,0,0,
347,2008,P125,UMNO,,6608,5416,38,36,95,0.0,4,0.0,1,0.0,0,0,0,0,0,0,0,0,0,0,
348,2008,P126,UMNO,,38682,29029,769,396,62,0.0,7,0.0,28,0.0,3,0,0,0,0,0,0,0,0,0,
349,2008,P127,UMNO,,53478,39322,1054,0,58,0.0,14,0.0,28,0.0,1,0,0,0,0,0,0,0,0,0,
350,2008,P128,DAP,,84675,64437,2248,197,42,0.0,12,0.0,46,0.0,0,0,0,0,0,0,0,0,0,0,
351,2008,P129,UMNO,,42328,31734,908,0,77,0.0,5,0.0,18,0.0,0,0,0,0,0,0,0,0,0,0,
352,2008,P130,DAP,,72115,56654,1261,2,28,0.0,20,0.0,52,0.0,1,0,0,0,0,0,0,0,0,0,
353,2008,P131,UMNO,,62896,48901,1086,511,69,0.0,16,0.0,15,0.0,0,0,0,0,0,0,0,0,0,0,"- <a href=\""http://www.malaysiakini.com/news/78883\"" target=\""_blank\"" class=\""analysis\"">PKR alleges BN hooliganism in Rembau</a>\n- <a href=\""http://www.malaysiakini.com/news/78601\"" target=\""_blank\"" class=\""analysis\"">Khairy takes on PKR for Rembau</a>"
354,2008,P132,PKR,,60186,46613,1299,821,41,0.0,22,0.0,36,0.0,1,0,0,0,0,0,0,0,0,0,"- <a href=\""http://www.malaysiakini.com/news/79245\"" target=\""_blank\"" class=\""analysis\"">The 'quiet kid' of Teluk Kemang</a>\r\n- <a href=\""http://www.malaysiakini.com/news/79052\"" target=\""_blank\"" class=\""analysis\"">For Kamarul, neutrality was not an option</a>"
355,2008,P133,UMNO,,47655,36331,1115,251,61,0.0,13,0.0,25,0.0,1,0,0,0,0,0,0,0,0,0,
356,2008,P134,UMNO,,40606,31715,717,119,82,0.0,4,0.0,14,0.0,0,0,0,0,0,0,0,0,0,0,
357,2008,P135,MCA,,54097,41854,1953,77,58,0.0,12,0.0,30,0.0,0,0,0,0,0,0,0,0,0,0,
358,2008,P136,UMNO,,60188,49675,1283,1972,70,0.0,2,0.0,25,0.0,0,0,0,0,0,0,0,0,0,0,
359,2008,P137,UMNO,,75777,62073,1173,708,53,0.0,6,0.0,41,0.0,0,0,0,0,0,0,0,0,0,0,
360,2008,P138,DAP,,84805,67479,1448,141,33,0.0,3,0.0,62,0.0,1,0,0,0,0,0,0,0,0,0,
361,2008,P139,UMNO,,56121,44181,990,5,71,0.0,3,0.0,16,0.0,0,0,0,0,0,0,0,0,0,0,
362,2008,P140,MIC,,40708,29699,847,1,41,0.0,11,0.0,48,0.0,0,0,0,0,0,0,0,0,0,0,
363,2008,P141,UMNO,,35138,26716,622,3,55,0.0,5,0.0,40,0.0,0,0,0,0,0,0,0,0,0,0,
364,2008,P142,MCA,,33468,24080,816,42,37,0.0,15,0.0,48,0.0,0,0,0,0,0,0,0,0,0,0,
365,2008,P143,UMNO,,40042,30313,787,51,63,0.0,4,0.0,33,0.0,0,0,0,0,0,0,0,0,0,0,
366,2008,P144,UMNO,,58501,44556,1433,102,53,0.0,4,0.0,43,0.0,0,0,0,0,0,0,0,0,0,0,
367,2008,P145,DAP,,56371,43155,1561,214,43,0.0,2,0.0,54,0.0,0,0,0,0,0,0,0,0,0,0,
368,2008,P146,UMNO,,41019,30275,902,62,62,0.0,2,0.0,36,0.0,0,0,0,0,0,0,0,0,0,0,
369,2008,P147,UMNO,,50234,39637,1033,71,73,0.0,0,0.0,26,0.0,0,0,0,0,0,0,0,0,0,0,
370,2008,P148,MCA,,34805,27488,907,30,57,0.0,4,0.0,39,0.0,0,0,0,0,0,0,0,0,0,0,
371,2008,P149,UMNO,,36845,29266,738,120,65,0.0,1,0.0,33,0.0,0,0,0,0,0,0,0,0,0,0,
372,2008,P150,UMNO,,70069,54103,1768,117,53,0.0,1,0.0,46,0.0,0,0,0,0,0,0,0,0,0,0,
373,2008,P151,GERAKAN,,34859,25998,924,27,54,0.0,10,0.0,36,0.0,0,0,0,0,0,0,0,0,0,0,
374,2008,P152,MCA,,71233,54567,1884,524,38,0.0,9,0.0,52,0.0,1,0,0,0,0,0,0,0,0,0,
375,2008,P153,UMNO,,33181,25211,739,66,54,0.0,10,0.0,36,0.0,0,0,0,0,0,0,0,0,0,0,
376,2008,P154,UMNO,,36445,27548,857,195,79,0.0,1,0.0,19,0.0,1,0,0,0,0,0,0,0,0,0,
377,2008,P155,UMNO,,32297,25349,1336,0,75,0.0,7,0.0,18,0.0,1,0,0,0,0,0,0,0,0,0,
378,2008,P156,UMNO,,34190,27109,653,53,84,0.0,2,0.0,13,0.0,0,0,0,0,0,0,0,0,0,0,
379,2008,P157,UMNO,,33002,0,0,0,87,0.0,1,0.0,12,0.0,0,0,0,0,0,0,0,0,0,0,
380,2008,P158,MCA,,62505,48587,1525,0,49,0.0,13,0.0,37,0.0,0,0,0,0,0,0,0,0,0,0,
381,2008,P159,UMNO,,72862,55891,1211,263,48,0.0,11,0.0,40,0.0,0,0,0,0,0,0,0,0,0,0,
382,2008,P160,UMNO,,89725,62440,1391,112,51,0.0,5,0.0,44,0.0,0,0,0,0,0,0,0,0,0,0,
383,2008,P161,UMNO,,79622,56863,1079,161,51,0.0,9,0.0,40,0.0,0,0,0,0,0,0,0,0,0,0,
384,2008,P162,MCA,,78676,60728,2244,75,34,0.0,12,0.0,54,0.0,0,0,0,0,0,0,0,0,0,0,
385,2008,P163,MCA,,67358,53676,1327,59,32,0.0,9,0.0,59,0.0,0,0,0,0,0,0,0,0,0,0,
386,2008,P164,UMNO,,43264,32806,1008,0,68,0.0,1,0.0,31,0.0,0,0,0,0,0,0,0,0,0,0,
387,2008,P165,MCA,,45701,35564,1117,214,50,0.0,1,0.0,49,0.0,0,0,0,0,0,0,0,0,0,0,
388,2008,P166,UMNO,,20783,14149,311,247,37,0.0,2,0.0,25,0.0,36,0,0,0,0,0,0,0,0,0,
389,2008,P167,UMNO,,39643,26551,1058,120,0,0.0,0,0.0,15,0.0,0,0,0,0,0,54,31,0,0,0,
390,2008,P168,PBS,,31938,22199,748,27,0,0.0,0,0.0,3,0.0,0,0,0,0,0,27,70,0,0,0,
391,2008,P169,UMNO,,43071,33710,1046,0,0,0.0,0,0.0,2,0.0,0,0,0,0,0,59,39,0,0,0,
392,2008,P170,UPKO,,40761,30563,979,37,0,0.0,0,0.0,8,0.0,0,0,0,0,0,44,49,0,0,0,
393,2008,P171,SAPP,,39251,26990,790,184,0,0.0,0,0.0,22,0.0,1,0,0,0,0,49,29,0,0,0,
394,2008,P172,DAP,,43714,28017,326,108,0,0.0,0,0.0,78,0.0,1,0,0,0,0,12,9,0,0,0,
395,2008,P173,UPKO,,34935,23296,608,741,0,0.0,0,0.0,24,0.0,1,0,0,0,0,63,13,0,0,0,
396,2008,P174,UPKO,,35821,25552,540,175,0,0.0,0,0.0,33,0.0,1,0,0,0,0,11,55,0,0,0,
397,2008,P175,UMNO,,32279,24913,651,435,0,0.0,0,0.0,12,0.0,0,0,0,0,0,63,25,0,0,0,
398,2008,P176,UMNO,,22239,17367,500,16,0,0.0,0,0.0,7,0.0,0,0,0,0,0,68,25,0,0,0,
399,2008,P177,UMNO,,26788,19346,681,19,0,0.0,0,0.0,12,0.0,0,0,0,0,0,63,26,0,0,0,
400,2008,P178,UMNO,,24145,18211,531,16,0,0.0,0,0.0,5,0.0,0,0,0,0,0,81,14,0,0,0,
401,2008,P179,UPKO,,30810,22201,653,32,0,0.0,0,0.0,3,0.0,0,0,0,0,0,39,58,0,0,0,
402,2008,P180,PBS,,35578,25956,464,0,0,0.0,0,0.0,11,0.0,0,0,0,0,0,24,65,0,0,0,
403,2008,P181,UMNO,,20874,15705,523,11,0,0.0,0,0.0,17,0.0,0,0,0,0,0,25,57,0,0,0,
404,2008,P182,PBRS,,19712,0,0,0,0,0.0,0,0.0,2,0.0,0,0,0,0,0,12,85,0,0,0,
405,2008,P183,UMNO,,19181,12349,468,36,0,0.0,0,0.0,2,0.0,0,0,0,0,0,61,37,0,0,0,
406,2008,P184,UMNO,,31435,20536,613,116,0,0.0,0,0.0,23,0.0,0,0,0,0,0,72,5,0,0,0,
407,2008,P185,PBS,,26004,16398,730,418,0,0.0,0,0.0,37,0.0,0,0,0,0,0,60,2,0,0,0,
408,2008,P186,LDP,,32847,20048,644,57,0,0.0,0,0.0,61,0.0,0,0,0,0,0,35,4,0,0,0,
409,2008,P187,UMNO,,19554,12814,589,22,0,0.0,0,0.0,1,0.0,0,0,0,0,0,92,6,0,0,0,
410,2008,P188,UMNO,,43488,27557,989,138,0,0.0,0,0.0,14,0.0,1,0,0,0,0,72,12,0,0,0,
411,2008,P189,UMNO,,35216,22209,832,1,0,0.0,0,0.0,3,0.0,0,0,0,0,0,93,5,0,0,0,
412,2008,P190,SAPP,,42560,27071,735,39,0,0.0,0,0.0,44,0.0,1,0,0,0,0,51,4,0,0,0,
413,2008,P191,UMNO,,36018,0,0,0,0,0.0,0,0.0,13,0.0,2,0,0,0,0,78,8,0,0,0,
414,2008,P192,SPDP,,21968,14800,188,29,0,0.0,0,0.0,23,0.0,0,1,0,71,5,0,0,0,0,0,"- <a href=\""http://www.malaysiakini.com/news/78810\"" target=\""_blank\"" class=\""analysis\"">Two Bidayuh doctors and cousins in Round 3: Why?</a>"
415,2008,P193,PBB,,30836,19959,248,56,0,0.0,0,0.0,6,0.0,1,2,0,0,91,0,0,0,0,0,"- <a href=\""http://www.malaysiakini.com/news/78822\"" target=\""_blank\"" class=\""analysis\"">PKR men harassed by 'buyers'</a>"
416,2008,P194,PBB,,40533,25027,263,131,0,0.0,0,0.0,12,0.0,2,5,0,1,91,0,0,0,0,0,
417,2008,P195,DAP,,53216,36257,242,165,0,0.0,0,0.0,90,0.0,1,2,0,1,6,0,0,0,0,0,
418,2008,P196,SUPP,,67257,43922,428,434,0,0.0,0,0.0,78,0.0,1,4,0,5,11,0,0,0,0,0,"- <a href=\""http://www.malaysiakini.com/news/79040\"" target=\""_blank\"" class=\""analysis\"">'DAP: Threat leads to ceramah cancellation'</a>"
419,2008,P197,PBB,,28517,21428,449,374,0,0.0,0,0.0,2,0.0,5,47,7,0,40,0,0,0,0,0,"- <a href=\""http://www.malaysiakini.com/news/78822\"" target=\""_blank\"" class=\""analysis\"">PKR men harassed by 'buyers'</a>"
420,2008,P198,PBB,,36147,22306,473,126,0,0.0,0,0.0,25,0.0,0,0,0,70,5,0,0,0,0,0,
421,2008,P199,SUPP,,27901,18516,332,25,0,0.0,0,0.0,12,0.0,0,9,0,72,7,0,0,0,0,0,
422,2008,P200,PBB,,16794,11120,170,9,0,0.0,0,0.0,7,0.0,0,27,0,0,67,0,0,0,0,0,
423,2008,P201,PBB,,22417,14393,193,12,0,0.0,0,0.0,4,0.0,2,24,0,0,70,0,0,0,0,0,
424,2008,P202,PRS,,25724,15513,211,154,0,0.0,0,0.0,16,0.0,0,66,0,0,18,0,0,0,0,0,
425,2008,P203,PRS,,17190,12028,99,1,0,0.0,0,0.0,9,0.0,0,90,0,0,2,0,0,0,0,0,
426,2008,P204,PBB,,22088,15953,246,0,0,0.0,0,0.0,5,0.0,0,61,0,0,34,0,0,0,0,0,
427,2008,P205,SPDP,,23982,16467,218,15,0,0.0,0,0.0,7,0.0,0,57,0,0,35,0,0,0,0,0,
428,2008,P206,PBB,,17052,0,0,0,0,0.0,0,0.0,0,0.0,0,0,0,0,0,0,0,0,0,0,
429,2008,P207,PBB,,15735,0,0,0,0,0.0,0,0.0,0,0.0,0,0,0,0,0,0,0,0,0,0,
430,2008,P208,SUPP,,31675,22246,176,179,0,0.0,0,0.0,67,0.0,0,25,0,0,8,0,0,0,0,0,
431,2008,P209,PRS,,20306,13313,182,13,0,0.0,0,0.0,6,0.0,0,93,0,0,1,0,0,0,0,0,
432,2008,P210,PRS,,17613,0,0,0,0,0.0,0,0.0,15,0.0,0,82,0,0,3,0,0,0,0,0,
433,2008,P211,SUPP,,49530,34443,253,102,0,0.0,0,0.0,73,0.0,0,22,0,0,6,0,0,0,0,0,
434,2008,P212,SUPP,,53679,36379,334,192,0,0.0,0,0.0,60,0.0,1,18,1,0,20,0,0,0,0,0,
435,2008,P213,PBB,,22851,14435,521,32,0,0.0,0,0.0,10,0.0,0,19,0,0,71,0,0,0,0,0,
436,2008,P214,PRS,,20057,0,0,0,0,0.0,0,0.0,5,0.0,0,91,2,0,2,0,0,0,0,0,
437,2008,P215,PBB,,22723,0,0,0,0,0.0,0,0.0,11,0.0,0,86,0,0,3,0,0,0,0,0,
438,2008,P216,PRS,,17696,11164,139,9,0,0.0,0,0.0,1,0.0,0,61,36,0,2,0,0,0,0,0,
439,2008,P217,SPDP,,50404,32629,288,50,0,0.0,0,0.0,26,0.0,0,49,0,0,24,0,0,0,0,0,"<a href=\""http://www.malaysiakini.com/news/78637\"" target=\""_blank\"" class=\""analysis\"">'Misunderstood' Bintulu incumbent earns respect of foes</a>\n"
440,2008,P218,PBB,,22143,13030,192,10,0,0.0,0,0.0,22,0.0,0,0,0,0,46,0,0,0,0,0,
441,2008,P219,SUPP,,55963,33969,273,204,0,0.0,0,0.0,55,0.0,3,28,8,0,6,0,0,0,0,0,
442,2008,P220,SPDP,,24425,12126,167,11,0,0.0,0,0.0,13,0.0,0,38,43,0,6,0,0,0,0,0,
443,2008,P221,PBB,,20315,12380,113,89,0,0.0,0,0.0,24,0.0,0,21,12,0,44,0,0,0,0,0,
444,2008,P222,PBB,,15717,9342,82,0,0,0.0,0,0.0,16,0.0,0,9,15,0,60,0,0,0,0,0,
669,2013,P1,UMNO,,41974,36051,531,0,35996,85.59,395,0.94,3987,9.48,1680,0,0,0,0,0,0,0,0,0,
670,2013,P2,UMNO,,51207,43309,660,0,41442,80.75,898,1.75,8200,15.98,782,0,0,0,0,0,0,0,0,0,
671,2013,P3,UMNO,,43876,38312,525,0,38403,87.34,724,1.65,3585,8.15,1257,0,0,0,0,0,0,0,0,0,
672,2013,P4,UMNO,,37536,31877,744,0,34082,90.63,909,2.42,2423,6.44,191,0,0,0,0,0,0,0,0,0,
673,2013,P5,UMNO,,52383,45782,730,0,47578,90.61,59,0.11,3959,7.54,911,0,0,0,0,0,0,0,0,0,
674,2013,P6,UMNO,,65550,57058,834,0,56071,85.38,2535,3.86,6092,9.28,973,0,0,0,0,0,0,0,0,0,
675,2013,P7,UMNO,,41960,37800,691,0,38713,92.08,75,0.18,604,1.44,2653,0,0,0,0,0,0,0,0,0,
676,2013,P8,PAS,,80714,69309,848,0,64334,79.51,1862,2.3,14190,17.54,530,0,0,0,0,0,0,0,0,0,
677,2013,P9,PKR,,69009,57712,1070,0,42367,61.23,3203,4.63,23254,33.61,365,0,0,0,0,0,0,0,0,0,
678,2013,P10,PKR,,95328,82005,1212,0,73960,77.42,1373,1.44,19871,20.8,330,0,0,0,0,0,0,0,0,0,
679,2013,P11,UMNO,,70135,62451,759,0,61937,88.14,396,0.56,3978,5.66,3962,0,0,0,0,0,0,0,0,0,
680,2013,P12,UMNO,,74410,64614,952,0,58685,78.68,4665,6.25,10998,14.75,235,0,0,0,0,0,0,0,0,0,
681,2013,P13,UMNO,,46786,41992,631,0,43458,92.71,93,0.2,771,1.64,2552,0,0,0,0,0,0,0,0,0,
682,2013,P14,UMNO,,85908,74283,1329,0,55531,64.52,15040,17.48,14429,16.77,1065,0,0,0,0,0,0,0,0,0,
683,2013,P15,PKR,,93176,80771,959,0,54913,58.83,11173,11.97,26747,28.66,503,0,0,0,0,0,0,0,0,0,
684,2013,P16,UMNO,,93168,82904,1081,0,82829,88.7,4376,4.69,4749,5.09,1422,0,0,0,0,0,0,0,0,0,
685,2013,P17,PKR,,74095,64387,1223,0,41223,55.52,16736,22.54,15925,21.45,361,0,0,0,0,0,0,0,0,0,
686,2013,P18,UMNO,,60910,52532,839,0,41243,67.54,7857,12.87,11780,19.29,182,0,0,0,0,0,0,0,0,0,
687,2013,P19,PAS,,98632,82764,1086,0,91373,92.45,161,0.16,3297,3.34,4001,0,0,0,0,0,0,0,0,0,
688,2013,P20,PAS,,64409,54797,683,0,63089,97.76,94,0.15,1043,1.62,306,0,0,0,0,0,0,0,0,0,
689,2013,P21,PAS,,81268,66084,666,0,67447,82.84,691,0.85,12862,15.8,415,0,0,0,0,0,0,0,0,0,
690,2013,P22,PAS,,71965,59930,1115,0,69528,96.4,50,0.07,2391,3.32,153,0,0,0,0,0,0,0,0,0,
691,2013,P23,PAS,,52903,41804,632,0,52040,98.18,32,0.06,388,0.73,547,0,0,0,0,0,0,0,0,0,
692,2013,P24,PAS,,65390,54884,605,0,64093,97.85,104,0.16,1188,1.81,117,0,0,0,0,0,0,0,0,0,
693,2013,P25,PAS,,81566,71583,946,0,80460,98.44,35,0.04,936,1.15,302,0,0,0,0,0,0,0,0,0,
694,2013,P26,UMNO,,62217,53726,876,0,60327,96.77,51,0.08,1136,1.82,827,0,0,0,0,0,0,0,0,0,
695,2013,P27,UMNO,,58237,49872,876,0,55116,94.45,426,0.73,2405,4.12,409,0,0,0,0,0,0,0,0,0,
696,2013,P28,PAS,,76259,66040,770,0,74954,98.09,27,0.04,838,1.1,598,0,0,0,0,0,0,0,0,0,
697,2013,P29,UMNO,,59226,51244,729,0,56976,96.01,103,0.17,2166,3.65,99,0,0,0,0,0,0,0,0,0,
698,2013,P30,UMNO,,43224,37599,422,0,42661,98.43,42,0.1,104,0.24,533,0,0,0,0,0,0,0,0,0,
699,2013,P31,PAS,,63101,54515,720,0,59396,93.95,849,1.34,2829,4.47,147,0,0,0,0,0,0,0,0,0,
700,2013,P32,UMNO,,40176,35033,712,0,32326,80.27,232,0.58,2788,6.92,4925,0,0,0,0,0,0,0,0,0,
701,2013,P33,UMNO,,72566,62763,641,0,71204,97.94,66,0.09,1161,1.6,272,0,0,0,0,0,0,0,0,0,
702,2013,P34,UMNO,,67280,59139,686,0,67028,99.44,17,0.03,245,0.36,117,0,0,0,0,0,0,0,0,0,
703,2013,P35,PAS,,76238,67882,770,0,75387,98.74,64,0.08,710,0.93,190,0,0,0,0,0,0,0,0,0,
704,2013,P36,PAS,,94406,81898,845,0,84255,89.1,549,0.58,9540,10.09,217,0,0,0,0,0,0,0,0,0,
705,2013,P37,PAS,,90795,81644,800,0,88747,97.6,79,0.09,1960,2.16,140,0,0,0,0,0,0,0,0,0,
706,2013,P38,UMNO,,63543,56491,824,0,63093,99.1,29,0.05,349,0.55,196,0,0,0,0,0,0,0,0,0,
707,2013,P39,PAS,,78174,68047,909,0,74915,95.68,164,0.21,2974,3.8,245,0,0,0,0,0,0,0,0,0,
708,2013,P40,UMNO,,91942,79973,1229,0,85354,92.69,615,0.67,5616,6.1,502,0,0,0,0,0,0,0,0,0,
709,2013,P41,UMNO,,51635,46665,585,0,39478,76.3,2310,4.46,9830,19.0,125,0,0,0,0,0,0,0,0,0,
710,2013,P42,UMNO,,54042,48009,675,0,42229,78.0,3730,6.89,7887,14.57,295,0,0,0,0,0,0,0,0,0,
711,2013,P43,DAP,,68503,59735,634,0,10616,15.47,9984,14.55,47717,69.53,311,0,0,0,0,0,0,0,0,0,
712,2013,P44,PKR,,71699,63332,672,0,50389,70.17,4421,6.16,16571,23.08,427,0,0,0,0,0,0,0,0,0,
713,2013,P45,DAP,,78996,69403,712,0,14955,18.9,7600,9.6,56310,71.16,272,0,0,0,0,0,0,0,0,0,
714,2013,P46,DAP,,57500,50139,723,0,11830,20.54,13353,23.19,32082,55.7,328,0,0,0,0,0,0,0,0,0,
715,2013,P47,PKR,,59345,52538,833,0,26642,44.8,10460,17.59,22197,37.32,171,0,0,0,0,0,0,0,0,0,
716,2013,P48,DAP,,71085,59019,615,0,9900,13.89,7825,10.98,52545,73.74,989,0,0,0,0,0,0,0,0,0,
717,2013,P49,DAP,,51487,42870,495,0,2688,5.2,4706,9.1,44057,85.23,239,0,0,0,0,0,0,0,0,0,
718,2013,P50,DAP,,71247,61441,769,0,15578,21.82,7918,11.09,47481,66.51,415,0,0,0,0,0,0,0,0,0,
719,2013,P51,DAP,,81897,70554,654,0,11848,14.44,8570,10.45,61112,74.49,512,0,0,0,0,0,0,0,0,0,
720,2013,P52,PKR,,79155,68659,850,0,30988,39.07,8664,10.92,38852,48.99,803,0,0,0,0,0,0,0,0,0,
721,2013,P53,UMNO,,49641,43709,612,0,31542,63.4,2046,4.11,15953,32.07,210,0,0,0,0,0,0,0,0,0,
722,2013,P54,UMNO,,32725,27108,494,0,22356,68.13,1196,3.64,5162,15.73,4100,0,0,0,0,0,0,0,0,0,
723,2013,P55,UMNO,,27950,23485,368,0,22932,81.85,425,1.52,4011,14.32,650,0,0,0,0,0,0,0,0,0,
724,2013,P56,BN,,46577,39929,579,0,41395,88.65,2813,6.02,2320,4.97,167,0,0,0,0,0,0,0,0,0,
725,2013,P57,PAS,,51422,44172,618,0,34917,67.77,2536,4.92,13897,26.97,174,0,0,0,0,0,0,0,0,0,
726,2013,P58,UMNO,,54792,46313,1096,0,41480,75.53,5520,10.05,7682,13.99,233,0,0,0,0,0,0,0,0,0,
727,2013,P59,PAS,,71257,60888,748,0,46225,64.74,6877,9.63,17985,25.19,314,0,0,0,0,0,0,0,0,0,
728,2013,P60,DAP,,78148,63749,944,0,29066,37.11,10385,13.26,37536,47.92,1340,0,0,0,0,0,0,0,0,0,
729,2013,P61,UMNO,,28518,24190,410,0,21770,76.19,2017,7.06,4731,16.56,54,0,0,0,0,0,0,0,0,0,
730,2013,P62,PKR,,51596,41561,971,0,17042,32.96,11015,21.3,20245,39.15,3407,0,0,0,0,0,0,0,0,0,
731,2013,P63,UMNO,,89435,76052,1191,0,57287,63.95,10598,11.83,19715,22.01,1982,0,0,0,0,0,0,0,0,0,
732,2013,P64,DAP,,81818,65006,834,0,11609,14.15,4313,5.26,65063,79.32,1040,0,0,0,0,0,0,0,0,0,
733,2013,P65,DAP,,77761,62912,875,0,10565,13.56,17740,22.77,48449,62.18,1166,0,0,0,0,0,0,0,0,0,
734,2013,P66,DAP,,87587,70152,948,0,9385,10.7,12744,14.52,64833,73.89,785,0,0,0,0,0,0,0,0,0,
735,2013,P67,UMNO,,33540,28208,407,0,22823,67.91,2318,6.9,8043,23.93,423,0,0,0,0,0,0,0,0,0,
736,2013,P68,DAP,,49205,39508,687,0,16094,32.64,7330,14.86,25767,52.25,123,0,0,0,0,0,0,0,0,0,
737,2013,P69,UMNO,,33503,28541,532,0,31008,92.29,964,2.87,885,2.63,743,0,0,0,0,0,0,0,0,0,
738,2013,P70,DAP,,63619,49142,816,0,18332,28.74,5870,9.2,38520,60.4,1054,0,0,0,0,0,0,0,0,0,
739,2013,P71,PKR,,97092,81236,1429,0,41608,42.79,8563,8.81,44706,45.97,2366,0,0,0,0,0,0,0,0,0,
740,2013,P72,MIC,,45485,36843,1040,0,21128,46.34,5971,13.1,12702,27.86,5791,0,0,0,0,0,0,0,0,0,
741,2013,P73,UMNO,,51498,43372,1008,0,40780,78.99,1996,3.87,6983,13.53,1867,0,0,0,0,0,0,0,0,0,
742,2013,P74,PKR,,88300,73581,1133,0,45230,51.12,10629,12.01,31290,35.37,1324,0,0,0,0,0,0,0,0,0,
743,2013,P75,UMNO,,39924,32960,716,0,21972,54.89,9419,23.53,7886,19.7,754,0,0,0,0,0,0,0,0,0,
744,2013,P76,DAP,,60483,48649,885,0,23140,38.17,11492,18.96,25418,41.93,570,0,0,0,0,0,0,0,0,0,
745,2013,P77,MCA,,64499,53237,1115,0,34473,53.33,8968,13.87,17614,27.25,3586,0,0,0,0,0,0,0,0,0,
746,2013,P78,MIC,,27980,22748,877,0,9561,34.09,3475,12.39,9056,32.29,5951,0,0,0,0,0,0,0,0,0,
747,2013,P79,UMNO,,32324,26986,426,0,24605,75.93,1862,5.75,5566,17.18,371,0,0,0,0,0,0,0,0,0,
748,2013,P80,DAP,,54214,44943,927,0,27012,49.73,3494,6.43,21905,40.33,1909,0,0,0,0,0,0,0,0,0,
749,2013,P81,UMNO,,58364,49461,905,0,47356,80.99,1623,2.78,7999,13.68,1496,0,0,0,0,0,0,0,0,0,
750,2013,P82,PKR,,64219,54527,689,0,41487,64.51,3916,6.09,18338,28.51,573,0,0,0,0,0,0,0,0,0,
751,2013,P83,PKR,,56280,47723,570,0,35199,62.39,2123,3.76,18691,33.13,405,0,0,0,0,0,0,0,0,0,
752,2013,P84,UMNO,,48067,40694,643,0,39097,81.18,1040,2.16,7163,14.87,859,0,0,0,0,0,0,0,0,0,
753,2013,P85,UMNO,,80260,68218,1275,0,70734,87.99,722,0.9,1807,2.25,7126,0,0,0,0,0,0,0,0,0,
754,2013,P86,UMNO,,38436,32595,572,0,34552,89.68,565,1.47,2645,6.86,768,0,0,0,0,0,0,0,0,0,
755,2013,P87,UMNO,,43003,37548,603,0,38549,89.51,1136,2.64,1368,3.18,2014,0,0,0,0,0,0,0,0,0,
756,2013,P88,PAS,,66105,56441,977,0,42557,64.27,5751,8.69,16036,24.22,1873,0,0,0,0,0,0,0,0,0,
757,2013,P89,MCA,,62266,52503,988,0,27728,44.44,5645,9.05,27378,43.88,1649,0,0,0,0,0,0,0,0,0,
758,2013,P90,UMNO,,50997,42830,965,0,30311,59.33,1991,3.9,16295,31.9,2492,0,0,0,0,0,0,0,0,0,
759,2013,P91,UMNO,,53596,45849,883,0,46850,87.28,618,1.15,1334,2.49,4875,0,0,0,0,0,0,0,0,0,
760,2013,P92,UMNO,,37318,31697,567,0,30102,80.51,1879,5.03,4693,12.55,716,0,0,0,0,0,0,0,0,0,
761,2013,P93,UMNO,,42837,37681,690,0,28149,65.58,793,1.85,13322,31.04,659,0,0,0,0,0,0,0,0,0,
762,2013,P94,MIC,,85697,74939,1443,0,48383,56.36,15069,17.55,20137,23.46,2264,0,0,0,0,0,0,0,0,0,
763,2013,P95,UMNO,,42333,37676,634,0,30677,72.33,4150,9.79,7043,16.61,540,0,0,0,0,0,0,0,0,0,
764,2013,P96,UMNO,,62298,55474,934,0,39769,63.72,13726,21.99,8285,13.28,629,0,0,0,0,0,0,0,0,0,
765,2013,P97,PKR,,105895,92315,1435,0,47859,45.13,18250,17.21,38338,36.15,1608,0,0,0,0,0,0,0,0,0,
766,2013,P98,PKR,,123290,106747,1353,0,90919,73.63,13607,11.02,16338,13.23,2619,0,0,0,0,0,0,0,0,0,
767,2013,P99,PKR,,83135,71398,738,0,45856,55.07,7993,9.6,27869,33.47,1552,0,0,0,0,0,0,0,0,0,
768,2013,P100,PKR,,83857,73074,1022,0,37077,44.17,5451,6.49,40404,48.14,1004,0,0,0,0,0,0,0,0,0,
769,2013,P101,PAS,,127347,112322,1335,0,67032,52.56,14371,11.27,43708,34.27,2426,0,0,0,0,0,0,0,0,0,
770,2013,P102,DAP,,133139,118031,1761,0,52532,39.42,14646,10.99,64809,48.63,1278,0,0,0,0,0,0,0,0,0,
771,2013,P103,DAP,,107010,94325,1251,0,41904,39.11,16906,15.78,46624,43.52,1701,0,0,0,0,0,0,0,0,0,
772,2013,P104,PKR,,101236,86276,1160,0,38273,37.77,18716,18.47,42258,41.7,2090,0,0,0,0,0,0,0,0,0,
773,2013,P105,PKR,,79558,65185,830,0,31935,40.07,13311,16.7,33085,41.51,1368,0,0,0,0,0,0,0,0,0,
774,2013,P106,DAP,,85401,70614,472,0,12079,14.12,6331,7.4,66002,77.16,1124,0,0,0,0,0,0,0,0,0,
775,2013,P107,PKR,,128543,112618,1669,0,61073,47.46,16241,12.62,48941,38.03,2422,0,0,0,0,0,0,0,0,0,
776,2013,P108,PAS,,99957,87942,863,0,69433,69.38,14106,14.1,14955,14.94,1582,0,0,0,0,0,0,0,0,0,
777,2013,P109,PKR,,144159,126709,2379,0,72982,50.55,20651,14.3,48486,33.58,2250,0,0,0,0,0,0,0,0,0,
778,2013,P110,DAP,,97073,84096,1343,0,31344,32.23,19237,19.78,44523,45.78,2148,0,0,0,0,0,0,0,0,0,
779,2013,P111,PAS,,105909,92563,1102,0,46663,44.02,31156,29.39,26283,24.8,1893,0,0,0,0,0,0,0,0,0,
780,2013,P112,PKR,,88474,78551,1517,0,46352,52.3,15194,17.14,22906,25.84,4178,0,0,0,0,0,0,0,0,0,
781,2013,P113,PAS,,84362,74944,1219,0,48446,57.35,13406,15.87,18667,22.1,3952,0,0,0,0,0,0,0,0,0,
782,2013,P114,DAP,,68035,58512,388,0,3050,4.47,4288,6.29,60270,88.43,549,0,0,0,0,0,0,0,0,0,
783,2013,P115,PKR,,85402,71988,606,0,37872,44.28,13740,16.06,32300,37.76,1624,0,0,0,0,0,0,0,0,0,
784,2013,P116,PKR,,67775,58146,375,0,36078,53.17,5765,8.5,24538,36.16,1477,0,0,0,0,0,0,0,0,0,
785,2013,P117,DAP,,75631,64052,485,0,25095,33.13,9084,11.99,39957,52.75,1608,0,0,0,0,0,0,0,0,0,
786,2013,P118,UMNO,,62309,52730,502,0,35027,56.14,6832,10.95,18937,30.35,1594,0,0,0,0,0,0,0,0,0,
787,2013,P119,UMNO,,55282,45513,311,0,37497,67.7,5624,10.15,10997,19.85,1270,0,0,0,0,0,0,0,0,0,
788,2013,P120,DAP,,55721,41772,355,0,8004,14.32,6049,10.82,40872,73.13,962,0,0,0,0,0,0,0,0,0,
789,2013,P121,PKR,,72396,60855,519,0,39970,55.11,14510,20.0,16550,22.82,1503,0,0,0,0,0,0,0,0,0,
790,2013,P122,DAP,,85976,71750,302,0,4537,5.27,5083,5.9,75762,87.98,732,0,0,0,0,0,0,0,0,0,
791,2013,P123,DAP,,72551,59404,315,0,7466,10.27,5234,7.2,59428,81.79,535,0,0,0,0,0,0,0,0,0,
792,2013,P124,PKR,,90993,78147,861,0,47791,52.44,7782,8.54,34121,37.44,1442,0,0,0,0,0,0,0,0,0,
793,2013,P125,UMNO,,15791,14418,73,0,14869,94.12,485,3.07,170,1.08,274,0,0,0,0,0,0,0,0,0,
794,2013,P126,UMNO,,44937,37883,756,0,28409,63.08,2670,5.93,11674,25.92,2281,0,0,0,0,0,0,0,0,0,
795,2013,P127,UMNO,,65213,54701,1097,0,39232,60.05,8517,13.04,16543,25.32,1040,0,0,0,0,0,0,0,0,0,
796,2013,P128,DAP,,102305,87359,1486,0,44690,43.6,13857,13.52,42115,41.08,1845,0,0,0,0,0,0,0,0,0,
797,2013,P129,UMNO,,47671,40147,794,0,36285,75.94,2380,4.98,8066,16.88,1049,0,0,0,0,0,0,0,0,0,
798,2013,P130,DAP,,88403,75651,1208,0,24596,27.78,19577,22.11,42798,48.34,1564,0,0,0,0,0,0,0,0,0,
799,2013,P131,UMNO,,79661,69288,1214,0,56104,70.31,13028,16.33,9889,12.39,772,0,0,0,0,0,0,0,0,0,
800,2013,P132,PKR,,70524,59855,1344,0,29751,42.11,15100,21.37,23887,33.81,1917,0,0,0,0,0,0,0,0,0,
801,2013,P133,UMNO,,57268,48660,1042,0,35187,61.32,7237,12.61,13809,24.06,1153,0,0,0,0,0,0,0,0,0,
802,2013,P134,UMNO,,45952,39742,566,0,37675,81.79,1794,3.89,6162,13.38,431,0,0,0,0,0,0,0,0,0,
803,2013,P135,MCA,,63591,55010,1419,0,37218,58.4,8187,12.85,17714,27.8,606,0,0,0,0,0,0,0,0,0,
804,2013,P136,UMNO,,73282,64289,986,0,49905,67.99,2587,3.52,18307,24.94,2605,0,0,0,0,0,0,0,0,0,
805,2013,P137,PKR,,99438,87939,1052,0,52368,52.59,5667,5.69,40580,40.75,966,0,0,0,0,0,0,0,0,0,
806,2013,P138,DAP,,92322,79464,1168,0,32990,35.66,3340,3.61,54663,59.09,1518,0,0,0,0,0,0,0,0,0,
807,2013,P139,UMNO,,64455,56710,1001,0,45915,71.09,6563,10.16,11715,18.14,393,0,0,0,0,0,0,0,0,0,
808,2013,P140,MIC,,47009,39807,950,0,20618,43.76,4637,9.84,21465,45.56,395,0,0,0,0,0,0,0,0,0,
809,2013,P141,UMNO,,43066,37448,587,0,23917,55.45,1948,4.52,16812,38.98,452,0,0,0,0,0,0,0,0,0,
810,2013,P142,MCA,,37714,31978,689,0,13712,36.29,5672,15.01,17555,46.46,848,0,0,0,0,0,0,0,0,0,
811,2013,P143,UMNO,,46793,40515,809,0,30002,64.0,1813,3.87,14456,30.84,609,0,0,0,0,0,0,0,0,0,
812,2013,P144,UMNO,,69316,60348,1077,0,36649,52.77,3307,4.76,28554,41.11,943,0,0,0,0,0,0,0,0,0,
813,2013,P145,DAP,,67202,58270,1101,0,29378,43.63,1515,2.25,35827,53.21,609,0,0,0,0,0,0,0,0,0,
814,2013,P146,UMNO,,48208,40892,804,0,30027,62.12,717,1.48,17091,35.36,499,0,0,0,0,0,0,0,0,0,
815,2013,P147,UMNO,,56896,49715,952,0,41174,72.2,251,0.44,12824,22.49,2781,0,0,0,0,0,0,0,0,0,
816,2013,P148,MCA,,42913,37747,967,0,23997,55.82,1686,3.92,16318,37.96,990,0,0,0,0,0,0,0,0,0,
817,2013,P149,UMNO,,44816,39818,673,0,28118,62.59,628,1.4,15113,33.64,1062,0,0,0,0,0,0,0,0,0,
818,2013,P150,PKR,,88272,77047,1445,0,45598,51.55,1202,1.36,40335,45.6,1326,0,0,0,0,0,0,0,0,0,
819,2013,P151,GERAKAN,,40143,34670,868,0,22681,56.4,3744,9.31,13320,33.12,472,0,0,0,0,0,0,0,0,0,
820,2013,P152,DAP,,86732,75081,1292,0,34026,39.15,8472,9.75,42812,49.26,1604,0,0,0,0,0,0,0,0,0,
821,2013,P153,UMNO,,41588,35860,809,0,24037,57.67,3718,8.92,12883,30.91,1043,0,0,0,0,0,0,0,0,0,
822,2013,P154,UMNO,,44497,37299,678,0,34945,78.39,573,1.29,7038,15.79,2023,0,0,0,0,0,0,0,0,0,
823,2013,P155,UMNO,,39694,34876,676,0,28624,71.96,2757,6.93,6948,17.47,1446,0,0,0,0,0,0,0,0,0,
824,2013,P156,UMNO,,41894,36868,696,0,36046,85.9,887,2.11,4415,10.52,613,0,0,0,0,0,0,0,0,0,
825,2013,P157,UMNO,,37999,32969,698,0,33256,87.35,325,0.85,3829,10.06,661,0,0,0,0,0,0,0,0,0,
826,2013,P158,MCA,,90482,79754,1551,0,42246,46.63,11920,13.16,34601,38.19,1834,0,0,0,0,0,0,0,0,0,
827,2013,P159,UMNO,,101041,86845,112,0,47624,47.1,11133,11.01,38862,38.43,3502,0,0,0,0,0,0,0,0,0,
828,2013,P160,UMNO,,96321,79723,1287,0,49027,50.8,4745,4.92,41095,42.58,1648,0,0,0,0,0,0,0,0,0,
829,2013,P161,UMNO,,100490,85762,1486,0,47406,47.08,10019,9.95,41281,41.0,1989,0,0,0,0,0,0,0,0,0,
830,2013,P162,DAP,,106726,94865,1059,0,35960,33.65,13291,12.44,56004,52.41,1609,0,0,0,0,0,0,0,0,0,
831,2013,P163,DAP,,83991,74896,1432,0,27326,32.47,8596,10.22,47231,56.13,996,0,0,0,0,0,0,0,0,0,
832,2013,P164,UMNO,,49633,42754,873,0,34170,68.68,441,0.89,13673,27.48,1469,0,0,0,0,0,0,0,0,0,
833,2013,P165,MCA,,51875,45537,918,0,26212,50.41,554,1.07,24182,46.5,1052,0,0,0,0,0,0,0,0,0,
834,2013,P166,UMNO,,24474,19356,207,0,0,0.0,0,0.0,5670,23.18,637,0,0,0,0,14725,3425,0,0,0,
835,2013,P167,UMNO,,47249,36355,919,0,0,0.0,0,0.0,5097,10.78,1082,0,0,0,0,22394,18730,0,0,0,
836,2013,P168,PBS,,42197,33077,911,0,0,0.0,0,0.0,970,2.29,380,0,0,0,0,11042,29877,0,0,0,
837,2013,P169,UMNO,,51467,43423,1109,0,0,0.0,0,0.0,816,1.58,373,0,0,0,0,30276,20084,0,0,0,
838,2013,P170,UPKO,,48276,40748,795,0,0,0.0,0,0.0,2894,5.99,329,0,0,0,0,21207,23921,0,0,0,
839,2013,P171,UMNO,,53374,43416,1167,0,0,0.0,0,0.0,10385,19.46,1526,0,0,0,0,27533,13924,0,0,0,
840,2013,P172,DAP,,50516,39488,506,0,0,0.0,0,0.0,35541,70.28,906,0,0,0,0,7680,6442,0,0,0,
841,2013,P173,UPKO,,37490,29760,665,0,0,0.0,0,0.0,7066,18.87,969,0,0,0,0,23645,5771,0,0,0,
842,2013,P174,PKR,,44323,36553,454,0,0,0.0,0,0.0,14381,32.38,709,0,0,0,0,7052,22268,0,0,0,
843,2013,P175,UMNO,,38771,33194,499,0,0,0.0,0,0.0,3397,8.76,537,0,0,0,0,23373,11467,0,0,0,
844,2013,P176,UMNO,,26628,23128,453,0,0,0.0,0,0.0,1071,4.02,444,0,0,0,0,16062,9068,0,0,0,
845,2013,P177,UMNO,,30097,25949,559,0,0,0.0,0,0.0,2291,7.61,333,0,0,0,0,18377,9112,0,0,0,
846,2013,P178,UMNO,,29177,24329,539,0,0,0.0,0,0.0,1247,4.27,359,0,0,0,0,17025,10556,0,0,0,
847,2013,P179,UPKO,,39053,31396,666,0,0,0.0,0,0.0,763,1.95,172,0,0,0,0,4193,33974,0,0,0,
848,2013,P180,PBS,,43691,36098,555,0,0,0.0,0,0.0,4220,9.65,642,0,0,0,0,8073,30775,0,0,0,
849,2013,P181,UMNO,,25304,20926,632,0,0,0.0,0,0.0,3087,12.18,238,0,0,0,0,5300,16719,0,0,0,
850,2013,P182,PBRS,,26194,21379,483,0,0,0.0,0,0.0,376,1.43,171,0,0,0,0,3234,22456,0,0,0,
851,2013,P183,UMNO,,24688,18914,552,0,0,0.0,0,0.0,266,1.08,667,0,0,0,0,9892,13914,0,0,0,
852,2013,P184,UMNO,,39772,32017,714,0,0,0.0,0,0.0,8158,20.51,2766,0,0,0,0,22801,6056,0,0,0,
853,2013,P185,PBS,,30199,23356,574,0,0,0.0,0,0.0,10095,33.42,2159,0,0,0,0,15508,2444,0,0,0,
854,2013,P186,DAP,,37058,27889,525,0,0,0.0,0,0.0,19822,53.48,1647,0,0,0,0,12595,3001,0,0,0,
855,2013,P187,UMNO,,24748,19960,654,0,0,0.0,0,0.0,192,0.78,1434,0,0,0,0,10345,12776,0,0,0,
856,2013,P188,UMNO,,51662,39606,1077,0,0,0.0,0,0.0,6547,12.69,5280,0,0,0,0,32882,6881,0,0,0,
857,2013,P189,UMNO,,41549,31523,985,0,0,0.0,0,0.0,820,1.97,695,0,0,0,0,39688,404,0,0,0,
858,2013,P190,PBS,,51538,39658,789,0,0,0.0,0,0.0,19443,37.77,4095,0,0,0,0,25976,1959,0,0,0,
859,2013,P191,UMNO,,46793,36132,1027,0,0,0.0,0,0.0,5272,11.28,5759,0,0,0,0,32664,3026,0,0,0,
860,2013,P192,SPDP,,25771,20353,224,0,0,0.0,0,0.0,4933,19.1,83,0,0,0,0,3286,17519,0,0,0,
861,2013,P193,PBB,,37017,29207,394,0,0,0.0,0,0.0,3009,8.11,53,0,0,0,0,30835,3197,0,0,0,
862,2013,P194,PBB,,49750,37996,321,0,0,0.0,0,0.0,6145,12.33,391,0,0,0,0,39402,3901,0,0,0,
863,2013,P195,DAP,,53336,40825,201,0,0,0.0,0,0.0,48585,90.93,283,0,0,0,0,2785,1776,0,0,0,
864,2013,P196,DAP,,84732,65383,488,0,0,0.0,0,0.0,62125,73.24,978,0,0,0,0,10887,10830,0,0,0,
865,2013,P197,PBB,,38158,31531,528,0,0,0.0,0,0.0,4624,12.1,221,0,0,0,0,24856,8520,0,0,0,
866,2013,P198,PBB,,42344,32579,674,0,0,0.0,0,0.0,11316,26.68,185,0,0,0,0,5152,25762,0,0,0,
867,2013,P199,SUPP,,33713,26523,296,0,0,0.0,0,0.0,3568,10.57,86,0,0,0,0,4911,25199,0,0,0,
868,2013,P200,PBB,,19839,15521,227,0,0,0.0,0,0.0,1121,5.64,27,0,0,0,0,14590,4138,0,0,0,
869,2013,P201,PBB,,27360,20711,425,0,0,0.0,0,0.0,890,3.25,20,0,0,0,0,21041,5465,0,0,0,
870,2013,P202,PRS,,29789,22353,224,0,0,0.0,0,0.0,5078,17.0,62,0,0,0,0,6053,18684,0,0,0,
871,2013,P203,PRS,,19303,15138,143,0,0,0.0,0,0.0,1568,8.11,36,0,0,0,0,3548,14194,0,0,0,
872,2013,P204,PBB,,26322,20380,315,0,0,0.0,0,0.0,1870,7.09,58,0,0,0,0,13197,11253,0,0,0,
873,2013,P205,SPDP,,27562,22058,258,0,0,0.0,0,0.0,1903,6.89,37,0,0,0,0,12065,13625,0,0,0,
874,2013,P206,PBB,,19215,14344,238,0,0,0.0,0,0.0,1038,5.39,87,0,0,0,0,14241,3901,0,0,0,
875,2013,P207,PBB,,17771,13865,222,0,0,0.0,0,0.0,675,3.79,37,0,0,0,0,14470,2633,0,0,0,
876,2013,P208,DAP,,36550,28298,277,0,0,0.0,0,0.0,24043,65.67,73,0,0,0,0,4041,8454,0,0,0,
877,2013,P209,PRS,,22522,16957,278,0,0,0.0,0,0.0,1090,4.83,32,0,0,0,0,2757,18687,0,0,0,
878,2013,P210,PRS,,19433,13743,276,0,0,0.0,0,0.0,2346,12.04,34,0,0,0,0,3102,14008,0,0,0,
879,2013,P211,DAP,,57143,44900,304,0,0,0.0,0,0.0,41261,72.11,85,0,0,0,0,5808,10069,0,0,0,
880,2013,P212,DAP,,64601,51474,496,0,0,0.0,0,0.0,41844,64.64,176,0,0,0,0,12803,9909,0,0,0,
881,2013,P213,PBB,,26477,19838,417,0,0,0.0,0,0.0,2601,9.8,86,0,0,0,0,19730,4134,0,0,0,
882,2013,P214,PRS,,25461,20725,309,0,0,0.0,0,0.0,892,3.5,85,0,0,0,0,3395,21130,0,0,0,
883,2013,P215,PBB,,26195,17432,271,0,0,0.0,0,0.0,2697,10.26,71,0,0,0,0,5712,17803,0,0,0,
884,2013,P216,PRS,,21686,14742,213,0,0,0.0,0,0.0,285,1.31,343,0,0,0,0,4352,16792,0,0,0,
885,2013,P217,SPDP,,59893,45941,458,0,0,0.0,0,0.0,16734,27.87,128,0,0,0,0,17084,26087,0,0,0,
886,2013,P218,PBB,,28351,20918,288,0,0,0.0,0,0.0,6333,22.29,108,0,0,0,0,9438,12538,0,0,0,
887,2013,P219,PKR,,71170,52762,630,0,0,0.0,0,0.0,40915,57.39,393,0,0,0,0,18233,11746,0,0,0,
888,2013,P220,SPDP,,29385,18775,242,0,0,0.0,0,0.0,2651,8.99,156,0,0,0,0,6070,20621,0,0,0,
889,2013,P221,PBB,,24278,17859,162,0,0,0.0,0,0.0,4701,19.32,92,0,0,0,0,10952,8590,0,0,0,
890,2013,P222,PBB,,18845,14072,177,0,0,0.0,0,0.0,1806,9.56,108,0,0,0,0,8075,8894,0,0,0,
